timestamp;NO2;C2H50H;VOC;CO;Alcohol;LPG;Benzene;Temperature;Pressure;Humidity;Gas_Resistance;Altitude;State706;923;2;14;4294967295;33,59;688,60;100,00;0,00;3170,54;1
442224;300;596;702;922;3;14;4294967295;33,59;688,60;100,00;0,00;3170,54;1;;;;;;;;;;
443220;296;594;699;921;2;14;4294967295;33,59;688,60;100,00;0,00;3170,54;1;;;;;;;;;;
444216;293;591;696;921;3;13;4294967295;33,59;688,60;100,00;0,00;3170,54;1;;;;;;;;;;
445212;290;590;694;920;3;13;4294967295;33,59;688,60;100,00;0,00;3170,54;1;;;;;;;;;;
446208;289;588;690;920;2;14;4294967295;33,59;688,60;100,00;0,00;3170,54;1;;;;;;;;;;
447204;285;585;688;920;3;15;4294967295;33,59;688,60;100,00;0,00;3170,54;1;;;;;;;;;;
448200;283;583;685;919;3;14;4294967295;33,59;688,60;100,00;0,00;3170,54;1;;;;;;;;;;
449196;281;581;682;917;3;14;4294967295;33,59;688,60;100,00;0,00;3170,54;1;;;;;;;;;;
450192;278;580;680;918;3;13;4294967295;33,59;688,60;100,00;0,00;3170,54;1;;;;;;;;;;
451188;275;578;677;917;2;14;4294967295;33,59;688,60;100,00;0,00;3170,54;1;;;;;;;;;;
452184;273;576;674;916;2;15;4294967295;33,59;688,60;100,00;0,00;3170,54;1;;;;;;;;;;
453180;272;574;671;916;2;13;4294967295;33,59;688,60;100,00;0,00;3170,54;1;;;;;;;;;;
454176;270;572;669;915;2;14;4294967295;33,59;688,60;100,00;0,00;3170,54;1;;;;;;;;;;
455172;269;571;667;915;3;13;4294967295;33,59;688,60;100,00;0,00;3170,54;1;;;;;;;;;;
456168;266;568;664;913;2;14;4294967295;33,59;688,60;100,00;0,00;3170,54;1;;;;;;;;;;
457164;265;567;661;913;2;14;4294967295;33,59;688,60;100,00;0,00;3170,54;1;;;;;;;;;;
458160;263;565;659;912;2;13;4294967295;33,59;688,60;100,00;0,00;3170,54;1;;;;;;;;;;
459156;262;563;657;912;2;13;4294967295;33,59;688,60;100,00;0,00;3170,54;1;;;;;;;;;;
460152;260;561;654;911;3;14;4294967295;33,59;688,60;100,00;0,00;3170,54;1;;;;;;;;;;
461148;259;560;652;910;2;13;4294967295;33,59;688,60;100,00;0,00;3170,54;1;;;;;;;;;;
462144;258;558;651;911;2;14;4294967295;33,59;688,60;100,00;0,00;3170,54;1;;;;;;;;;;
463140;258;558;649;910;2;13;4294967295;33,59;688,60;100,00;0,00;3170,54;1;;;;;;;;;;
464136;257;557;647;910;2;13;4294967295;33,59;688,60;100,00;0,00;3170,54;1;;;;;;;;;;
465132;257;556;646;910;2;15;4294967295;33,59;688,60;100,00;0,00;3170,54;1;;;;;;;;;;
466128;259;555;645;910;2;14;4294967295;33,59;688,60;100,00;0,00;3170,54;1;;;;;;;;;;
467124;261;555;644;911;2;13;4294967295;33,59;688,60;100,00;0,00;3170,54;1;;;;;;;;;;
468120;264;555;642;910;2;14;4294967295;33,59;688,60;100,00;0,00;3170,54;1;;;;;;;;;;
469116;268;555;642;910;2;14;4294967295;33,59;688,60;100,00;0,00;3170,54;1;;;;;;;;;;
470112;273;555;641;910;2;14;4294967295;33,59;688,60;100,00;0,00;3170,54;1;;;;;;;;;;
471108;280;556;642;910;2;14;4294967295;33,59;688,60;100,00;0,00;3170,54;1;;;;;;;;;;
472104;292;556;641;911;3;13;4294967295;33,59;688,60;100,00;0,00;3170,54;1;;;;;;;;;;
473100;304;557;642;910;2;13;4294967295;33,59;688,60;100,00;0,00;3170,54;1;;;;;;;;;;
474096;316;558;643;911;3;14;4294967295;33,59;688,60;100,00;0,00;3170,54;1;;;;;;;;;;
475092;324;559;643;911;2;12;4294967295;33,59;688,60;100,00;0,00;3170,54;1;;;;;;;;;;
476088;329;561;644;911;2;14;4294967295;33,59;688,60;100,00;0,00;3170,54;1;;;;;;;;;;
477084;331;562;643;911;2;15;4294967295;33,59;688,60;100,00;0,00;3170,54;1;;;;;;;;;;
478080;332;562;642;911;2;15;4294967295;33,59;688,60;100,00;0,00;3170,54;1;;;;;;;;;;
479076;332;562;641;910;2;14;4294967295;33,59;688,60;100,00;0,00;3170,54;1;;;;;;;;;;
480072;333;563;640;911;2;14;4294967295;33,59;688,60;100,00;0,00;3170,54;1;;;;;;;;;;
481068;331;564;639;911;3;13;4294967295;33,59;688,60;100,00;0,00;3170,54;1;;;;;;;;;;
482064;332;564;638;911;3;14;4294967295;33,59;688,60;100,00;0,00;3170,54;1;;;;;;;;;;
483060;333;565;638;911;2;14;4294967295;33,59;688,60;100,00;0,00;3170,54;1;;;;;;;;;;
484056;336;565;638;912;3;14;4294967295;33,59;688,60;100,00;0,00;3170,54;1;;;;;;;;;;
485052;340;566;638;911;3;14;4294967295;33,59;688,60;100,00;0,00;3170,54;1;;;;;;;;;;
486048;346;567;638;911;2;14;4294967295;33,59;688,60;100,00;0,00;3170,54;1;;;;;;;;;;
487044;354;569;639;912;3;14;4294967295;33,59;688,60;100,00;0,00;3170,54;1;;;;;;;;;;
488040;361;570;641;912;2;14;4294967295;33,59;688,60;100,00;0,00;3170,54;1;;;;;;;;;;
489036;365;571;641;912;3;14;4294967295;33,59;688,60;100,00;0,00;3170,54;1;;;;;;;;;;
490032;369;573;641;912;3;14;4294967295;33,59;688,60;100,00;0,00;3170,54;1;;;;;;;;;;
491028;375;574;642;913;3;14;4294967295;33,59;688,60;100,00;0,00;3170,54;1;;;;;;;;;;
492024;380;575;643;912;3;14;4294967295;33,59;688,60;100,00;0,00;3170,54;1;;;;;;;;;;
493020;388;576;644;913;3;14;4294967295;33,59;688,60;100,00;0,00;3170,54;1;;;;;;;;;;
494016;396;578;647;913;2;13;4294967295;33,59;688,60;100,00;0,00;3170,54;1;;;;;;;;;;
495012;405;580;650;914;3;14;4294967295;33,59;688,60;100,00;0,00;3170,54;1;;;;;;;;;;
496008;414;581;652;914;2;13;4294967295;33,59;688,60;100,00;0,00;3170,54;1;;;;;;;;;;
497004;421;583;655;914;2;13;4294967295;33,59;688,60;100,00;0,00;3170,54;1;;;;;;;;;;
498000;424;584;657;914;3;14;4294967295;33,59;688,60;100,00;0,00;3170,54;1;;;;;;;;;;
498996;426;585;657;914;2;15;4294967295;33,59;688,60;100,00;0,00;3170,54;1;;;;;;;;;;
499992;424;586;658;914;3;14;4294967295;33,59;688,60;100,00;0,00;3170,54;1;;;;;;;;;;
500988;423;587;658;914;3;13;4294967295;33,59;688,60;100,00;0,00;3170,54;1;;;;;;;;;;
501984;421;588;657;915;3;15;4294967295;33,59;688,60;100,00;0,00;3170,54;1;;;;;;;;;;
502980;420;588;657;915;2;14;4294967295;33,59;688,60;100,00;0,00;3170,54;1;;;;;;;;;;
503976;419;590;657;915;2;14;4294967295;33,59;688,60;100,00;0,00;3170,54;1;;;;;;;;;;
504972;418;590;656;915;3;13;4294967295;33,59;688,60;100,00;0,00;3170,54;1;;;;;;;;;;
505968;417;591;656;914;2;14;4294967295;33,59;688,60;100,00;0,00;3170,54;1;;;;;;;;;;
506964;416;592;655;915;3;15;4294967295;33,59;688,60;100,00;0,00;3170,54;1;;;;;;;;;;
507960;415;593;653;915;3;13;4294967295;33,59;688,60;100,00;0,00;3170,54;1;;;;;;;;;;
508956;415;594;654;915;3;14;4294967295;33,59;688,60;100,00;0,00;3170,54;1;;;;;;;;;;
509952;418;594;653;916;2;14;4294967295;33,59;688,60;100,00;0,00;3170,54;1;;;;;;;;;;
510948;421;595;653;916;3;13;4294967295;33,59;688,60;100,00;0,00;3170,54;1;;;;;;;;;;
511944;424;597;654;916;2;13;4294967295;33,59;688,60;100,00;0,00;3170,54;1;;;;;;;;;;
512940;426;597;654;915;3;14;4294967295;33,59;688,60;100,00;0,00;3170,54;1;;;;;;;;;;
513936;425;597;655;916;2;14;4294967295;33,59;688,60;100,00;0,00;3170,54;1;;;;;;;;;;
514932;423;598;653;915;3;14;4294967295;33,59;688,60;100,00;0,00;3170,54;1;;;;;;;;;;
515928;422;599;654;916;2;15;4294967295;33,59;688,60;100,00;0,00;3170,54;1;;;;;;;;;;
516924;421;599;653;916;2;14;4294967295;33,59;688,60;100,00;0,00;3170,54;1;;;;;;;;;;
517920;419;599;653;915;2;13;4294967295;33,59;688,60;100,00;0,00;3170,54;1;;;;;;;;;;
518916;418;600;652;916;3;13;4294967295;33,59;688,60;100,00;0,00;3170,54;1;;;;;;;;;;
519912;416;600;651;916;2;14;4294967295;33,59;688,60;100,00;0,00;3170,54;1;;;;;;;;;;
520908;417;600;651;916;3;14;4294967295;33,59;688,60;100,00;0,00;3170,54;1;;;;;;;;;;
521904;420;601;651;916;3;13;4294967295;33,59;688,60;100,00;0,00;3170,54;1;;;;;;;;;;
522900;423;601;652;917;2;14;4294967295;33,59;688,60;100,00;0,00;3170,54;1;;;;;;;;;;
523896;425;603;653;916;3;13;4294967295;33,59;688,60;100,00;0,00;3170,54;1;;;;;;;;;;
524892;427;603;653;916;3;14;4294967295;33,59;688,60;100,00;0,00;3170,54;1;;;;;;;;;;
525888;427;603;653;916;2;13;4294967295;33,59;688,60;100,00;0,00;3170,54;1;;;;;;;;;;
526884;425;604;653;916;3;13;4294967295;33,59;688,60;100,00;0,00;3170,54;1;;;;;;;;;;
527880;425;604;652;916;3;14;4294967295;33,59;688,60;100,00;0,00;3170,54;1;;;;;;;;;;
528876;424;605;651;916;2;13;4294967295;33,59;688,60;100,00;0,00;3170,54;1;;;;;;;;;;
529872;422;604;650;916;2;13;4294967295;33,59;688,60;100,00;0,00;3170,54;1;;;;;;;;;;
530868;420;605;650;916;3;13;4294967295;33,59;688,60;100,00;0,00;3170,54;1;;;;;;;;;;
531864;418;605;650;916;2;14;4294967295;33,59;688,60;100,00;0,00;3170,54;1;;;;;;;;;;
532860;416;605;649;915;3;13;4294967295;33,59;688,60;100,00;0,00;3170,54;1;;;;;;;;;;
533856;413;604;647;916;2;13;4294967295;33,59;688,60;100,00;0,00;3170,54;1;;;;;;;;;;
534852;411;604;646;916;3;14;4294967295;33,59;688,60;100,00;0,00;3170,54;1;;;;;;;;;;
535848;410;604;646;915;2;14;4294967295;33,59;688,60;100,00;0,00;3170,54;1;;;;;;;;;;
536844;410;604;646;915;3;14;4294967295;33,59;688,60;100,00;0,00;3170,54;1;;;;;;;;;;
537840;410;603;645;915;2;13;4294967295;33,59;688,60;100,00;0,00;3170,54;1;;;;;;;;;;
538836;411;604;646;915;3;15;4294967295;33,59;688,60;100,00;0,00;3170,54;1;;;;;;;;;;
539832;414;604;646;915;2;14;4294967295;33,59;688,60;100,00;0,00;3170,54;1;;;;;;;;;;
540828;416;604;647;915;2;13;4294967295;33,59;688,60;100,00;0,00;3170,54;1;;;;;;;;;;
541824;416;605;646;915;3;14;4294967295;33,59;688,60;100,00;0,00;3170,54;1;;;;;;;;;;
542820;416;604;646;915;3;14;4294967295;33,59;688,60;100,00;0,00;3170,54;1;;;;;;;;;;
543816;416;605;646;915;3;13;4294967295;33,59;688,60;100,00;0,00;3170,54;1;;;;;;;;;;
544812;416;605;646;915;3;14;4294967295;33,59;688,60;100,00;0,00;3170,54;1;;;;;;;;;;
545808;419;606;647;916;2;14;4294967295;33,59;688,60;100,00;0,00;3170,54;1;;;;;;;;;;
546804;422;607;649;916;2;14;4294967295;33,59;688,60;100,00;0,00;3170,54;1;;;;;;;;;;
547800;427;607;651;917;3;13;4294967295;33,59;688,60;100,00;0,00;3170,54;1;;;;;;;;;;
548796;431;609;654;917;3;13;4294967295;33,59;688,60;100,00;0,00;3170,54;1;;;;;;;;;;
549792;432;609;657;917;3;14;4294967295;33,59;688,60;100,00;0,00;3170,54;1;;;;;;;;;;
550788;432;610;658;918;2;13;4294967295;33,59;688,60;100,00;0,00;3170,54;1;;;;;;;;;;
551784;433;611;658;917;2;14;4294967295;33,59;688,60;100,00;0,00;3170,54;1;;;;;;;;;;
552780;434;611;658;918;3;14;4294967295;33,59;688,60;100,00;0,00;3170,54;1;;;;;;;;;;
553776;434;612;658;918;2;12;4294967295;33,59;688,60;100,00;0,00;3170,54;1;;;;;;;;;;
554772;434;612;658;917;3;13;4294967295;33,59;688,60;100,00;0,00;3170,54;1;;;;;;;;;;
555768;432;612;657;917;3;13;4294967295;33,59;688,60;100,00;0,00;3170,54;1;;;;;;;;;;
556764;431;612;657;917;3;13;4294967295;33,59;688,60;100,00;0,00;3170,54;1;;;;;;;;;;
557760;432;612;656;917;3;14;4294967295;33,59;688,60;100,00;0,00;3170,54;1;;;;;;;;;;
558756;429;613;656;917;3;14;4294967295;33,59;688,60;100,00;0,00;3170,54;1;;;;;;;;;;
559752;428;613;655;917;3;14;4294967295;33,59;688,60;100,00;0,00;3170,54;1;;;;;;;;;;
560748;425;613;654;917;2;13;4294967295;33,59;688,60;100,00;0,00;3170,54;1;;;;;;;;;;
561744;425;613;654;916;3;13;4294967295;33,59;688,60;100,00;0,00;3170,54;1;;;;;;;;;;
562740;425;613;654;917;3;13;4294967295;33,59;688,60;100,00;0,00;3170,54;1;;;;;;;;;;
563736;424;613;655;917;3;14;4294967295;33,59;688,60;100,00;0,00;3170,54;1;;;;;;;;;;
564732;423;613;655;917;4;13;4294967295;33,59;688,60;100,00;0,00;3170,54;1;;;;;;;;;;
565728;425;614;656;918;3;13;4294967295;33,59;688,60;100,00;0,00;3170,54;1;;;;;;;;;;
566724;427;614;656;918;3;13;4294967295;33,59;688,60;100,00;0,00;3170,54;1;;;;;;;;;;
567720;430;615;658;918;3;13;4294967295;33,59;688,60;100,00;0,00;3170,54;1;;;;;;;;;;
568716;432;616;658;919;3;14;4294967295;33,59;688,60;100,00;0,00;3170,54;1;;;;;;;;;;
569712;435;616;659;918;3;13;4294967295;33,59;688,60;100,00;0,00;3170,54;1;;;;;;;;;;
570708;437;617;660;918;2;13;4294967295;33,59;688,60;100,00;0,00;3170,54;1;;;;;;;;;;
571704;439;617;662;918;3;13;4294967295;33,59;688,60;100,00;0,00;3170,54;1;;;;;;;;;;
572700;443;618;663;919;3;14;4294967295;33,59;688,60;100,00;0,00;3170,54;1;;;;;;;;;;
573696;447;619;666;919;3;14;4294967295;33,59;688,60;100,00;0,00;3170,54;1;;;;;;;;;;
574692;451;620;669;920;2;14;4294967295;33,59;688,60;100,00;0,00;3170,54;1;;;;;;;;;;
575688;452;621;672;919;3;13;4294967295;33,59;688,60;100,00;0,00;3170,54;1;;;;;;;;;;
576684;454;621;675;920;3;14;4294967295;33,59;688,60;100,00;0,00;3170,54;1;;;;;;;;;;
577680;455;621;676;920;3;13;4294967295;33,59;688,60;100,00;0,00;3170,54;1;;;;;;;;;;
578676;456;622;677;920;3;13;4294967295;33,59;688,60;100,00;0,00;3170,54;1;;;;;;;;;;
579672;458;622;677;920;3;13;4294967295;33,59;688,60;100,00;0,00;3170,54;1;;;;;;;;;;
580668;458;623;677;920;3;13;4294967295;33,59;688,60;100,00;0,00;3170,54;1;;;;;;;;;;
581664;457;624;677;920;3;13;4294967295;33,59;688,60;100,00;0,00;3170,54;1;;;;;;;;;;
582660;454;624;675;920;2;14;4294967295;33,59;688,60;100,00;0,00;3170,54;1;;;;;;;;;;
583656;453;624;675;920;3;14;4294967295;33,59;688,60;100,00;0,00;3170,54;1;;;;;;;;;;
584652;451;625;673;920;2;13;4294967295;33,59;688,60;100,00;0,00;3170,54;1;;;;;;;;;;
585648;452;626;674;920;3;13;4294967295;33,59;688,60;100,00;0,00;3170,54;1;;;;;;;;;;
586644;453;626;674;920;4;13;4294967295;33,59;688,60;100,00;0,00;3170,54;1;;;;;;;;;;
587640;455;627;675;920;2;13;4294967295;33,59;688,60;100,00;0,00;3170,54;1;;;;;;;;;;
588636;458;628;675;921;3;13;4294967295;33,59;688,60;100,00;0,00;3170,54;1;;;;;;;;;;
589632;461;628;676;920;3;13;4294967295;33,59;688,60;100,00;0,00;3170,54;1;;;;;;;;;;
590628;461;628;677;921;3;13;4294967295;33,59;688,60;100,00;0,00;3170,54;1;;;;;;;;;;
591624;460;628;678;921;3;13;4294967295;33,59;688,60;100,00;0,00;3170,54;1;;;;;;;;;;
592620;460;629;678;921;3;13;4294967295;33,59;688,60;100,00;0,00;3170,54;1;;;;;;;;;;
593616;461;629;678;921;3;14;4294967295;33,59;688,60;100,00;0,00;3170,54;1;;;;;;;;;;
594612;462;630;679;920;3;13;4294967295;33,59;688,60;100,00;0,00;3170,54;1;;;;;;;;;;
595608;463;630;680;921;3;13;4294967295;33,59;688,60;100,00;0,00;3170,54;1;;;;;;;;;;
596604;463;631;680;920;3;13;4294967295;33,59;688,60;100,00;0,00;3170,54;1;;;;;;;;;;
597600;462;631;679;921;3;14;4294967295;33,59;688,60;100,00;0,00;3170,54;1;;;;;;;;;;
598596;459;631;678;921;3;13;4294967295;33,59;688,60;100,00;0,00;3170,54;1;;;;;;;;;;
599592;458;632;677;920;3;13;4294967295;33,59;688,60;100,00;0,00;3170,54;1;;;;;;;;;;
0;459;632;677;921;3;13;4294967295;33,59;688,60;100,00;0,00;3170,54;1;;;;;;;;;;
996;459;632;677;920;3;14;4294967295;33,59;688,60;100,00;0,00;3170,54;1;;;;;;;;;;
1992;456;631;677;920;3;13;4294967295;33,59;688,60;100,00;0,00;3170,54;1;;;;;;;;;;
2988;455;631;677;920;3;14;4294967295;33,59;688,60;100,00;0,00;3170,54;1;;;;;;;;;;
3984;454;631;676;920;3;14;4294967295;33,59;688,60;100,00;0,00;3170,54;1;;;;;;;;;;
4980;451;631;674;920;2;14;4294967295;33,59;688,60;100,00;0,00;3170,54;1;;;;;;;;;;
5976;450;631;674;920;4;13;4294967295;33,59;688,60;100,00;0,00;3170,54;1;;;;;;;;;;
6972;450;631;674;921;3;14;4294967295;33,59;688,60;100,00;0,00;3170,54;1;;;;;;;;;;
7968;449;630;674;920;3;13;4294967295;33,59;688,60;100,00;0,00;3170,54;1;;;;;;;;;;
8964;449;630;675;921;3;14;4294967295;33,59;688,60;100,00;0,00;3170,54;1;;;;;;;;;;
9960;449;630;676;920;2;14;4294967295;33,59;688,60;100,00;0,00;3170,54;1;;;;;;;;;;
10956;450;630;677;920;3;14;4294967295;33,59;688,60;100,00;0,00;3170,54;1;;;;;;;;;;
11952;450;630;679;921;3;13;4294967295;33,59;688,60;100,00;0,00;3170,54;1;;;;;;;;;;
12948;450;631;679;921;3;14;4294967295;33,59;688,60;100,00;0,00;3170,54;1;;;;;;;;;;
13944;450;631;678;921;2;13;4294967295;33,59;688,60;100,00;0,00;3170,54;1;;;;;;;;;;
14940;451;630;678;921;3;14;4294967295;33,59;688,60;100,00;0,00;3170,54;1;;;;;;;;;;
15936;449;630;678;920;3;14;4294967295;33,59;688,60;100,00;0,00;3170,54;1;;;;;;;;;;
16932;450;630;677;921;3;13;4294967295;33,59;688,60;100,00;0,00;3170,54;1;;;;;;;;;;
17928;447;630;677;921;3;14;4294967295;33,59;688,60;100,00;0,00;3170,54;1;;;;;;;;;;
18924;446;629;676;920;3;14;4294967295;33,59;688,60;100,00;0,00;3170,54;1;;;;;;;;;;
19920;442;629;674;920;4;14;4294967295;33,59;688,60;100,00;0,00;3170,54;1;;;;;;;;;;
20916;440;629;673;920;3;14;4294967295;33,59;688,60;100,00;0,00;3170,54;1;;;;;;;;;;
21912;438;628;671;920;3;13;4294967295;33,59;688,60;100,00;0,00;3170,54;1;;;;;;;;;;
22908;437;628;671;920;3;15;4294967295;33,59;688,60;100,00;0,00;3170,54;1;;;;;;;;;;
23904;434;627;670;920;3;13;4294967295;33,59;688,60;100,00;0,00;3170,54;1;;;;;;;;;;
24900;433;627;669;920;2;14;4294967295;33,59;688,60;100,00;0,00;3170,54;1;;;;;;;;;;
25896;433;626;669;919;2;14;4294967295;33,59;688,60;100,00;0,00;3170,54;1;;;;;;;;;;
26892;435;626;668;919;3;15;4294967295;33,59;688,60;100,00;0,00;3170,54;1;;;;;;;;;;
27888;436;627;669;919;3;13;4294967295;33,59;688,60;100,00;0,00;3170,54;1;;;;;;;;;;
28884;435;626;669;920;3;13;4294967295;33,59;688,60;100,00;0,00;3170,54;1;;;;;;;;;;
29880;435;625;669;919;3;14;4294967295;33,59;688,60;100,00;0,00;3170,54;1;;;;;;;;;;
30876;435;625;669;919;3;14;4294967295;33,59;688,60;100,00;0,00;3170,54;1;;;;;;;;;;
31872;434;625;668;919;3;11;4294967295;33,59;688,60;100,00;0,00;3170,54;1;;;;;;;;;;
32868;434;625;668;919;3;14;4294967295;33,59;688,60;100,00;0,00;3170,54;1;;;;;;;;;;
33864;434;625;668;919;3;14;4294967295;33,59;688,60;100,00;0,00;3170,54;1;;;;;;;;;;
34860;435;625;668;919;3;14;4294967295;33,59;688,60;100,00;0,00;3170,54;1;;;;;;;;;;
35856;435;624;669;919;3;14;4294967295;33,59;688,60;100,00;0,00;3170,54;1;;;;;;;;;;
36852;433;624;667;918;3;13;4294967295;33,59;688,60;100,00;0,00;3170,54;1;;;;;;;;;;
37848;432;624;666;919;3;13;4294967295;33,59;688,60;100,00;0,00;3170,54;1;;;;;;;;;;
38844;432;624;665;919;3;13;4294967295;33,59;688,60;100,00;0,00;3170,54;1;;;;;;;;;;
39840;434;624;666;918;3;13;4294967295;33,59;688,60;100,00;0,00;3170,54;1;;;;;;;;;;
40836;435;624;666;918;3;13;4294967295;33,59;688,60;100,00;0,00;3170,54;1;;;;;;;;;;
41832;435;623;666;918;2;13;4294967295;33,59;688,60;100,00;0,00;3170,54;1;;;;;;;;;;
42828;435;624;666;919;3;14;4294967295;33,59;688,60;100,00;0,00;3170,54;1;;;;;;;;;;
43824;435;625;666;918;3;13;4294967295;33,59;688,60;100,00;0,00;3170,54;1;;;;;;;;;;
44820;437;624;666;918;3;13;4294967295;33,59;688,60;100,00;0,00;3170,54;1;;;;;;;;;;
45816;438;624;667;918;3;14;4294967295;33,59;688,60;100,00;0,00;3170,54;1;;;;;;;;;;
46812;438;625;668;918;3;14;4294967295;33,59;688,60;100,00;0,00;3170,54;1;;;;;;;;;;
47808;436;625;667;918;4;13;4294967295;33,59;688,60;100,00;0,00;3170,54;1;;;;;;;;;;
48804;435;624;666;919;3;13;4294967295;33,59;688,60;100,00;0,00;3170,54;1;;;;;;;;;;
49800;432;624;665;918;3;13;4294967295;33,59;688,60;100,00;0,00;3170,54;1;;;;;;;;;;
50796;431;624;664;918;3;15;4294967295;33,59;688,60;100,00;0,00;3170,54;1;;;;;;;;;;
51792;430;624;664;918;3;13;4294967295;33,59;688,60;100,00;0,00;3170,54;1;;;;;;;;;;
52788;429;624;663;917;3;14;4294967295;33,59;688,60;100,00;0,00;3170,54;1;;;;;;;;;;
53784;428;624;662;917;3;14;4294967295;33,59;688,60;100,00;0,00;3170,54;1;;;;;;;;;;
54780;428;624;662;918;3;13;4294967295;33,59;688,60;100,00;0,00;3170,54;1;;;;;;;;;;
55776;428;624;662;917;3;14;4294967295;33,59;688,60;100,00;0,00;3170,54;1;;;;;;;;;;
56772;430;624;661;918;3;13;4294967295;33,59;688,60;100,00;0,00;3170,54;1;;;;;;;;;;
57768;430;625;660;917;2;13;4294967295;33,59;688,60;100,00;0,00;3170,54;1;;;;;;;;;;
58764;432;624;661;917;3;14;4294967295;33,59;688,60;100,00;0,00;3170,54;1;;;;;;;;;;
59760;432;625;661;917;3;13;4294967295;33,59;688,60;100,00;0,00;3170,54;1;;;;;;;;;;
60756;435;625;661;917;3;14;4294967295;33,59;688,60;100,00;0,00;3170,54;1;;;;;;;;;;
61752;436;625;662;917;3;14;4294967295;33,59;688,60;100,00;0,00;3170,54;1;;;;;;;;;;
62748;436;625;662;917;2;14;4294967295;33,59;688,60;100,00;0,00;3170,54;1;;;;;;;;;;
63744;436;625;662;916;3;14;4294967295;33,59;688,60;100,00;0,00;3170,54;1;;;;;;;;;;
64740;432;626;661;916;3;14;4294967295;33,59;688,60;100,00;0,00;3170,54;1;;;;;;;;;;
65736;428;625;660;916;3;13;4294967295;33,59;688,60;100,00;0,00;3170,54;1;;;;;;;;;;
66732;426;624;660;916;2;13;4294967295;33,59;688,60;100,00;0,00;3170,54;1;;;;;;;;;;
67728;425;624;659;916;3;14;4294967295;33,59;688,60;100,00;0,00;3170,54;1;;;;;;;;;;
68724;425;624;659;916;3;13;4294967295;33,59;688,60;100,00;0,00;3170,54;1;;;;;;;;;;
69720;424;624;659;916;3;14;4294967295;33,59;688,60;100,00;0,00;3170,54;1;;;;;;;;;;
70716;425;623;659;916;3;14;4294967295;33,59;688,60;100,00;0,00;3170,54;1;;;;;;;;;;
71712;426;623;659;916;3;14;4294967295;33,59;688,60;100,00;0,00;3170,54;1;;;;;;;;;;
72708;428;624;660;916;3;14;4294967295;33,59;688,60;100,00;0,00;3170,54;1;;;;;;;;;;
73704;430;623;660;916;4;14;4294967295;33,59;688,60;100,00;0,00;3170,54;1;;;;;;;;;;
74700;432;623;662;916;3;14;4294967295;33,59;688,60;100,00;0,00;3170,54;1;;;;;;;;;;
75696;430;623;661;915;3;14;4294967295;33,59;688,60;100,00;0,00;3170,54;1;;;;;;;;;;
76692;428;622;661;916;3;14;4294967295;33,59;688,60;100,00;0,00;3170,54;1;;;;;;;;;;
77688;426;622;661;915;3;14;4294967295;33,59;688,60;100,00;0,00;3170,54;1;;;;;;;;;;
78684;423;622;659;915;3;14;4294967295;33,59;688,60;100,00;0,00;3170,54;1;;;;;;;;;;
79680;420;620;658;915;3;14;4294967295;33,59;688,60;100,00;0,00;3170,54;1;;;;;;;;;;
80676;419;621;657;916;3;14;4294967295;33,59;688,60;100,00;0,00;3170,54;1;;;;;;;;;;
81672;418;620;658;915;3;15;4294967295;33,59;688,60;100,00;0,00;3170,54;1;;;;;;;;;;
82668;420;620;658;915;3;14;4294967295;33,59;688,60;100,00;0,00;3170,54;1;;;;;;;;;;
83664;422;620;658;915;3;13;4294967295;33,59;688,60;100,00;0,00;3170,54;1;;;;;;;;;;
84660;422;620;658;915;3;14;4294967295;33,59;688,60;100,00;0,00;3170,54;1;;;;;;;;;;
85656;423;620;658;915;3;14;4294967295;33,59;688,60;100,00;0,00;3170,54;1;;;;;;;;;;
86652;424;620;659;915;3;13;4294967295;33,59;688,60;100,00;0,00;3170,54;1;;;;;;;;;;
87648;425;620;659;915;3;14;4294967295;33,59;688,60;100,00;0,00;3170,54;1;;;;;;;;;;
88644;424;620;658;915;3;14;4294967295;33,59;688,60;100,00;0,00;3170,54;1;;;;;;;;;;
89640;427;620;658;915;3;14;4294967295;33,59;688,60;100,00;0,00;3170,54;1;;;;;;;;;;
90636;427;620;659;915;3;14;4294967295;33,59;688,60;100,00;0,00;3170,54;1;;;;;;;;;;
91632;425;619;659;915;3;13;4294967295;33,59;688,60;100,00;0,00;3170,54;1;;;;;;;;;;
92628;426;620;658;915;2;13;4294967295;33,59;688,60;100,00;0,00;3170,54;1;;;;;;;;;;
93624;428;620;659;915;3;13;4294967295;33,59;688,60;100,00;0,00;3170,54;1;;;;;;;;;;
94620;430;621;659;915;3;13;4294967295;33,59;688,60;100,00;0,00;3170,54;1;;;;;;;;;;
95616;433;621;661;915;3;13;4294967295;33,59;688,60;100,00;0,00;3170,54;1;;;;;;;;;;
96612;438;621;662;916;3;14;4294967295;33,59;688,60;100,00;0,00;3170,54;1;;;;;;;;;;
97608;440;622;665;916;3;13;4294967295;33,59;688,60;100,00;0,00;3170,54;1;;;;;;;;;;
98604;442;622;666;915;3;14;4294967295;33,59;688,60;100,00;0,00;3170,54;1;;;;;;;;;;
99600;443;623;667;915;3;13;4294967295;33,59;688,60;100,00;0,00;3170,54;1;;;;;;;;;;
100596;445;623;669;915;3;14;4294967295;33,59;688,60;100,00;0,00;3170,54;1;;;;;;;;;;
101592;446;624;669;916;3;14;4294967295;33,59;688,60;100,00;0,00;3170,54;1;;;;;;;;;;
102588;446;623;671;915;3;14;4294967295;33,59;688,60;100,00;0,00;3170,54;1;;;;;;;;;;
103584;446;624;671;915;3;14;4294967295;33,59;688,60;100,00;0,00;3170,54;1;;;;;;;;;;
104580;446;624;671;916;3;14;4294967295;33,59;688,60;100,00;0,00;3170,54;1;;;;;;;;;;
105576;446;624;670;916;3;14;4294967295;33,59;688,60;100,00;0,00;3170,54;1;;;;;;;;;;
106572;447;625;671;915;3;13;4294967295;33,59;688,60;100,00;0,00;3170,54;1;;;;;;;;;;
107568;446;625;671;915;3;16;4294967295;33,59;688,60;100,00;0,00;3170,54;1;;;;;;;;;;
108564;446;626;670;915;3;14;4294967295;33,59;688,60;100,00;0,00;3170,54;1;;;;;;;;;;
109560;446;625;670;915;4;14;4294967295;33,59;688,60;100,00;0,00;3170,54;1;;;;;;;;;;
110556;443;626;671;915;3;14;4294967295;33,59;688,60;100,00;0,00;3170,54;1;;;;;;;;;;
111552;442;626;670;916;3;14;4294967295;33,59;688,60;100,00;0,00;3170,54;1;;;;;;;;;;
112548;438;626;669;915;3;14;4294967295;33,59;688,60;100,00;0,00;3170,54;1;;;;;;;;;;
113544;436;626;669;915;3;13;4294967295;33,59;688,60;100,00;0,00;3170,54;1;;;;;;;;;;
114540;436;625;669;915;3;13;4294967295;33,59;688,60;100,00;0,00;3170,54;1;;;;;;;;;;
115536;437;626;670;916;3;14;4294967295;33,59;688,60;100,00;0,00;3170,54;1;;;;;;;;;;
116532;438;626;670;916;3;14;4294967295;33,59;688,60;100,00;0,00;3170,54;1;;;;;;;;;;
117528;438;627;671;916;3;15;4294967295;33,59;688,60;100,00;0,00;3170,54;1;;;;;;;;;;
118524;441;626;671;916;3;14;4294967295;33,59;688,60;100,00;0,00;3170,54;1;;;;;;;;;;
119520;442;627;671;916;3;14;4294967295;33,59;688,60;100,00;0,00;3170,54;1;;;;;;;;;;
120516;442;628;671;916;3;14;4294967295;33,59;688,60;100,00;0,00;3170,54;1;;;;;;;;;;
121512;442;627;670;916;3;13;4294967295;33,59;688,60;100,00;0,00;3170,54;1;;;;;;;;;;
122508;441;628;670;916;3;13;4294967295;33,59;688,60;100,00;0,00;3170,54;1;;;;;;;;;;
123504;440;628;669;916;3;14;4294967295;33,59;688,60;100,00;0,00;3170,54;1;;;;;;;;;;
124500;438;628;668;916;3;14;4294967295;33,59;688,60;100,00;0,00;3170,54;1;;;;;;;;;;
125496;438;627;668;916;3;14;4294967295;33,59;688,60;100,00;0,00;3170,54;1;;;;;;;;;;
126492;437;628;668;915;3;13;4294967295;33,59;688,60;100,00;0,00;3170,54;1;;;;;;;;;;
127488;436;627;667;915;3;13;4294967295;33,59;688,60;100,00;0,00;3170,54;1;;;;;;;;;;
128484;434;627;666;915;3;14;4294967295;33,59;688,60;100,00;0,00;3170,54;1;;;;;;;;;;
129480;432;627;665;915;2;13;4294967295;33,59;688,60;100,00;0,00;3170,54;1;;;;;;;;;;
130476;432;626;665;915;3;13;4294967295;33,59;688,60;100,00;0,00;3170,54;1;;;;;;;;;;
131472;432;626;665;914;3;14;4294967295;33,59;688,60;100,00;0,00;3170,54;1;;;;;;;;;;
132468;431;625;666;915;3;14;4294967295;33,59;688,60;100,00;0,00;3170,54;1;;;;;;;;;;
133464;430;625;666;915;3;13;4294967295;33,59;688,60;100,00;0,00;3170,54;1;;;;;;;;;;
134460;429;625;666;915;3;14;4294967295;33,59;688,60;100,00;0,00;3170,54;1;;;;;;;;;;
135456;428;625;666;915;3;13;4294967295;33,59;688,60;100,00;0,00;3170,54;1;;;;;;;;;;
136452;429;624;666;915;3;13;4294967295;33,59;688,60;100,00;0,00;3170,54;1;;;;;;;;;;
137448;429;624;666;914;3;14;4294967295;33,59;688,60;100,00;0,00;3170,54;1;;;;;;;;;;
138444;428;624;665;915;3;14;4294967295;33,59;688,60;100,00;0,00;3170,54;1;;;;;;;;;;
139440;429;624;665;914;3;14;4294967295;33,59;688,60;100,00;0,00;3170,54;1;;;;;;;;;;
140436;429;623;665;914;3;12;4294967295;33,59;688,60;100,00;0,00;3170,54;1;;;;;;;;;;
141432;429;623;665;914;3;13;4294967295;33,59;688,60;100,00;0,00;3170,54;1;;;;;;;;;;
142428;428;623;664;914;4;13;4294967295;33,59;688,60;100,00;0,00;3170,54;1;;;;;;;;;;
143424;427;623;663;914;3;13;4294967295;33,59;688,60;100,00;0,00;3170,54;1;;;;;;;;;;
144420;426;623;663;914;3;13;4294967295;33,59;688,60;100,00;0,00;3170,54;1;;;;;;;;;;
145416;426;623;662;913;3;12;4294967295;33,59;688,60;100,00;0,00;3170,54;1;;;;;;;;;;
146412;427;622;662;914;3;13;4294967295;33,59;688,60;100,00;0,00;3170,54;1;;;;;;;;;;
147408;426;623;661;914;3;13;4294967295;33,59;688,60;100,00;0,00;3170,54;1;;;;;;;;;;
148404;425;623;661;913;3;14;4294967295;33,59;688,60;100,00;0,00;3170,54;1;;;;;;;;;;
149400;424;623;661;913;4;12;4294967295;33,59;688,60;100,00;0,00;3170,54;1;;;;;;;;;;
150396;423;622;660;914;3;14;4294967295;33,59;688,60;100,00;0,00;3170,54;1;;;;;;;;;;
151392;422;622;659;913;3;14;4294967295;33,59;688,60;100,00;0,00;3170,54;1;;;;;;;;;;
152388;421;622;658;913;3;13;4294967295;33,59;688,60;100,00;0,00;3170,54;1;;;;;;;;;;
153384;420;621;658;913;3;13;4294967295;33,59;688,60;100,00;0,00;3170,54;1;;;;;;;;;;
154380;418;621;657;913;3;14;4294967295;33,59;688,60;100,00;0,00;3170,54;1;;;;;;;;;;
155376;419;620;656;913;3;13;4294967295;33,59;688,60;100,00;0,00;3170,54;1;;;;;;;;;;
156372;418;621;656;913;3;13;4294967295;33,59;688,60;100,00;0,00;3170,54;1;;;;;;;;;;
157368;416;621;655;912;3;13;4294967295;33,59;688,60;100,00;0,00;3170,54;1;;;;;;;;;;
158364;415;620;655;913;3;13;4294967295;33,59;688,60;100,00;0,00;3170,54;1;;;;;;;;;;
159360;415;620;654;912;3;13;4294967295;33,59;688,60;100,00;0,00;3170,54;1;;;;;;;;;;
160356;415;620;654;912;3;14;4294967295;33,59;688,60;100,00;0,00;3170,54;1;;;;;;;;;;
161352;416;620;654;912;3;12;4294967295;33,59;688,60;100,00;0,00;3170,54;1;;;;;;;;;;
162348;416;620;653;912;3;13;4294967295;33,59;688,60;100,00;0,00;3170,54;1;;;;;;;;;;
163344;415;619;653;912;3;13;4294967295;33,59;688,60;100,00;0,00;3170,54;1;;;;;;;;;;
164340;416;618;653;912;2;13;4294967295;33,59;688,60;100,00;0,00;3170,54;1;;;;;;;;;;
165336;415;619;653;911;3;12;4294967295;33,59;688,60;100,00;0,00;3170,54;1;;;;;;;;;;
166332;415;617;653;912;3;12;4294967295;33,59;688,60;100,00;0,00;3170,54;1;;;;;;;;;;
167328;414;617;653;911;3;13;4294967295;33,59;688,60;100,00;0,00;3170,54;1;;;;;;;;;;
168324;412;616;652;912;3;13;4294967295;33,59;688,60;100,00;0,00;3170,54;1;;;;;;;;;;
169320;410;616;651;911;3;13;4294967295;33,59;688,60;100,00;0,00;3170,54;1;;;;;;;;;;
170316;409;615;651;911;2;13;4294967295;33,59;688,60;100,00;0,00;3170,54;1;;;;;;;;;;
171312;407;614;650;911;3;13;4294967295;33,59;688,60;100,00;0,00;3170,54;1;;;;;;;;;;
172308;406;614;649;911;3;13;4294967295;33,59;688,60;100,00;0,00;3170,54;1;;;;;;;;;;
173304;405;613;648;911;3;13;4294967295;33,59;688,60;100,00;0,00;3170,54;1;;;;;;;;;;
174300;403;612;648;911;2;13;4294967295;33,59;688,60;100,00;0,00;3170,54;1;;;;;;;;;;
175296;401;612;647;911;2;12;4294967295;33,59;688,60;100,00;0,00;3170,54;1;;;;;;;;;;
176292;401;611;645;910;2;13;4294967295;33,59;688,60;100,00;0,00;3170,54;1;;;;;;;;;;
177288;399;611;645;909;3;13;4294967295;33,59;688,60;100,00;0,00;3170,54;1;;;;;;;;;;
178284;398;610;644;910;3;13;4294967295;33,59;688,60;100,00;0,00;3170,54;1;;;;;;;;;;
179280;399;610;643;910;3;15;4294967295;33,59;688,60;100,00;0,00;3170,54;1;;;;;;;;;;
180276;398;609;643;910;3;13;4294967295;33,59;688,60;100,00;0,00;3170,54;1;;;;;;;;;;
181272;398;610;643;909;3;13;4294967295;33,59;688,60;100,00;0,00;3170,54;1;;;;;;;;;;
182268;398;609;643;909;3;12;4294967295;33,59;688,60;100,00;0,00;3170,54;1;;;;;;;;;;
183264;402;609;643;909;2;13;4294967295;33,59;688,60;100,00;0,00;3170,54;1;;;;;;;;;;
184260;405;609;645;910;2;15;4294967295;33,59;688,60;100,00;0,00;3170,54;1;;;;;;;;;;
185256;408;609;648;909;2;13;4294967295;33,59;688,60;100,00;0,00;3170,54;1;;;;;;;;;;
186252;411;610;650;909;2;13;4294967295;33,59;688,60;100,00;0,00;3170,54;1;;;;;;;;;;
187248;413;609;651;910;3;13;4294967295;33,59;688,60;100,00;0,00;3170,54;1;;;;;;;;;;
188244;417;610;653;911;3;14;4294967295;33,59;688,60;100,00;0,00;3170,54;1;;;;;;;;;;
189240;418;610;654;910;3;13;4294967295;33,59;688,60;100,00;0,00;3170,54;1;;;;;;;;;;
190236;420;611;654;910;2;13;4294967295;33,59;688,60;100,00;0,00;3170,54;1;;;;;;;;;;
191232;421;611;655;910;2;13;4294967295;33,59;688,60;100,00;0,00;3170,54;1;;;;;;;;;;
192228;423;610;655;911;3;13;4294967295;33,59;688,60;100,00;0,00;3170,54;1;;;;;;;;;;
193224;424;611;655;910;2;13;4294967295;33,59;688,60;100,00;0,00;3170,54;1;;;;;;;;;;
194220;424;611;656;910;2;13;4294967295;33,59;688,60;100,00;0,00;3170,54;1;;;;;;;;;;
195216;424;611;656;910;3;13;4294967295;33,59;688,60;100,00;0,00;3170,54;1;;;;;;;;;;
196212;422;612;654;909;3;13;4294967295;33,59;688,60;100,00;0,00;3170,54;1;;;;;;;;;;
197208;421;611;654;910;2;13;4294967295;33,59;688,60;100,00;0,00;3170,54;1;;;;;;;;;;
198204;420;611;653;909;3;13;4294967295;33,59;688,60;100,00;0,00;3170,54;1;;;;;;;;;;
199200;419;611;653;909;3;13;4294967295;33,59;688,60;100,00;0,00;3170,54;1;;;;;;;;;;
200196;418;611;653;909;3;14;4294967295;33,59;688,60;100,00;0,00;3170,54;1;;;;;;;;;;
201192;422;612;654;910;3;12;4294967295;33,59;688,60;100,00;0,00;3170,54;1;;;;;;;;;;
202188;424;613;655;910;3;13;4294967295;33,59;688,60;100,00;0,00;3170,54;1;;;;;;;;;;
203184;430;612;657;910;2;13;4294967295;33,59;688,60;100,00;0,00;3170,54;1;;;;;;;;;;
204180;435;613;659;910;3;13;4294967295;33,59;688,60;100,00;0,00;3170,54;1;;;;;;;;;;
205176;439;613;662;910;3;14;4294967295;33,59;688,60;100,00;0,00;3170,54;1;;;;;;;;;;
206172;439;613;663;910;3;13;4294967295;33,59;688,60;100,00;0,00;3170,54;1;;;;;;;;;;
207168;437;613;663;909;3;13;4294967295;33,59;688,60;100,00;0,00;3170,54;1;;;;;;;;;;
208164;435;613;662;910;3;13;4294967295;33,59;688,60;100,00;0,00;3170,54;1;;;;;;;;;;
209160;431;613;662;910;3;14;4294967295;33,59;688,60;100,00;0,00;3170,54;1;;;;;;;;;;
210156;428;613;660;910;4;15;4294967295;33,59;688,60;100,00;0,00;3170,54;1;;;;;;;;;;
211152;425;612;659;910;3;13;4294967295;33,59;688,60;100,00;0,00;3170,54;1;;;;;;;;;;
212148;423;612;658;908;3;13;4294967295;33,59;688,60;100,00;0,00;3170,54;1;;;;;;;;;;
213144;421;613;657;909;3;13;4294967295;33,59;688,60;100,00;0,00;3170,54;1;;;;;;;;;;
214140;421;613;656;909;3;13;4294967295;33,59;688,60;100,00;0,00;3170,54;1;;;;;;;;;;
215136;422;612;656;908;3;13;4294967295;33,59;688,60;100,00;0,00;3170,54;1;;;;;;;;;;
216132;424;612;656;909;3;13;4294967295;33,59;688,60;100,00;0,00;3170,54;1;;;;;;;;;;
217128;425;613;657;909;3;13;4294967295;33,59;688,60;100,00;0,00;3170,54;1;;;;;;;;;;
218124;426;612;657;909;3;13;4294967295;33,59;688,60;100,00;0,00;3170,54;1;;;;;;;;;;
219120;426;613;657;908;3;13;4294967295;33,59;688,60;100,00;0,00;3170,54;1;;;;;;;;;;
220116;427;613;657;909;3;14;4294967295;33,59;688,60;100,00;0,00;3170,54;1;;;;;;;;;;
221112;426;613;658;909;3;15;4294967295;33,59;688,60;100,00;0,00;3170,54;1;;;;;;;;;;
222108;426;613;659;909;3;13;4294967295;33,59;688,60;100,00;0,00;3170,54;1;;;;;;;;;;
223104;424;612;659;908;3;13;4294967295;33,59;688,60;100,00;0,00;3170,54;1;;;;;;;;;;
224100;423;612;659;909;2;13;4294967295;33,59;688,60;100,00;0,00;3170,54;1;;;;;;;;;;
225096;422;612;658;908;3;13;4294967295;33,59;688,60;100,00;0,00;3170,54;1;;;;;;;;;;
226092;421;612;657;908;3;13;4294967295;33,59;688,60;100,00;0,00;3170,54;1;;;;;;;;;;
227088;420;612;657;908;3;13;4294967295;33,59;688,60;100,00;0,00;3170,54;1;;;;;;;;;;
228084;418;611;656;909;3;13;4294967295;33,59;688,60;100,00;0,00;3170,54;1;;;;;;;;;;
229080;419;612;655;909;3;13;4294967295;33,59;688,60;100,00;0,00;3170,54;1;;;;;;;;;;
230076;419;612;655;908;3;12;4294967295;33,59;688,60;100,00;0,00;3170,54;1;;;;;;;;;;
231072;421;612;654;908;3;13;4294967295;33,59;688,60;100,00;0,00;3170,54;1;;;;;;;;;;
232068;422;612;654;908;3;13;4294967295;33,59;688,60;100,00;0,00;3170,54;1;;;;;;;;;;
233064;421;612;653;908;2;13;4294967295;33,59;688,60;100,00;0,00;3170,54;1;;;;;;;;;;
234060;420;611;654;908;3;13;4294967295;33,59;688,60;100,00;0,00;3170,54;1;;;;;;;;;;
235056;422;612;654;907;3;13;4294967295;33,59;688,60;100,00;0,00;3170,54;1;;;;;;;;;;
236052;423;611;655;908;2;15;4294967295;33,59;688,60;100,00;0,00;3170,54;1;;;;;;;;;;
237048;424;612;656;908;3;13;4294967295;33,59;688,60;100,00;0,00;3170,54;1;;;;;;;;;;
238044;425;613;656;908;2;13;4294967295;33,59;688,60;100,00;0,00;3170,54;1;;;;;;;;;;
239040;426;613;657;909;3;13;4294967295;33,59;688,60;100,00;0,00;3170,54;1;;;;;;;;;;
240036;430;614;658;908;4;13;4294967295;33,59;688,60;100,00;0,00;3170,54;1;;;;;;;;;;
241032;432;614;660;908;3;13;4294967295;33,59;688,60;100,00;0,00;3170,54;1;;;;;;;;;;
242028;435;614;662;908;3;12;4294967295;33,59;688,60;100,00;0,00;3170,54;1;;;;;;;;;;
243024;435;615;663;908;3;12;4294967295;33,59;688,60;100,00;0,00;3170,54;1;;;;;;;;;;
244020;436;615;664;908;3;13;4294967295;33,59;688,60;100,00;0,00;3170,54;1;;;;;;;;;;
245016;436;615;665;909;2;13;4294967295;33,59;688,60;100,00;0,00;3170,54;1;;;;;;;;;;
246012;437;616;666;909;3;13;4294967295;33,59;688,60;100,00;0,00;3170,54;1;;;;;;;;;;
247008;440;616;668;909;3;14;4294967295;33,59;688,60;100,00;0,00;3170,54;1;;;;;;;;;;
248004;443;617;670;909;3;13;4294967295;33,59;688,60;100,00;0,00;3170,54;1;;;;;;;;;;
249000;445;617;672;910;3;13;4294967295;33,59;688,60;100,00;0,00;3170,54;1;;;;;;;;;;
249996;448;617;673;910;3;13;4294967295;33,59;688,60;100,00;0,00;3170,54;1;;;;;;;;;;
250992;449;618;675;910;3;14;4294967295;33,59;688,60;100,00;0,00;3170,54;1;;;;;;;;;;
251988;448;618;675;909;3;13;4294967295;33,59;688,60;100,00;0,00;3170,54;1;;;;;;;;;;
252984;446;618;675;909;3;14;4294967295;33,59;688,60;100,00;0,00;3170,54;1;;;;;;;;;;
253980;444;619;675;910;3;14;4294967295;33,59;688,60;100,00;0,00;3170,54;1;;;;;;;;;;
254976;441;619;674;910;3;14;4294967295;33,59;688,60;100,00;0,00;3170,54;1;;;;;;;;;;
255972;438;618;672;910;3;14;4294967295;33,59;688,60;100,00;0,00;3170,54;1;;;;;;;;;;
256968;435;618;671;909;3;14;4294967295;33,59;688,60;100,00;0,00;3170,54;1;;;;;;;;;;
257964;432;618;668;909;3;13;4294967295;33,59;688,60;100,00;0,00;3170,54;1;;;;;;;;;;
258960;429;617;668;910;3;13;4294967295;33,59;688,60;100,00;0,00;3170,54;1;;;;;;;;;;
259956;426;616;667;909;3;13;4294967295;33,59;688,60;100,00;0,00;3170,54;1;;;;;;;;;;
260952;424;616;665;909;3;13;4294967295;33,59;688,60;100,00;0,00;3170,54;1;;;;;;;;;;
261948;422;614;665;909;3;13;4294967295;33,59;688,60;100,00;0,00;3170,54;1;;;;;;;;;;
262944;420;615;664;909;3;13;4294967295;33,59;688,60;100,00;0,00;3170,54;1;;;;;;;;;;
263940;418;614;663;908;3;12;4294967295;33,59;688,60;100,00;0,00;3170,54;1;;;;;;;;;;
264936;416;613;662;909;3;13;4294967295;33,59;688,60;100,00;0,00;3170,54;1;;;;;;;;;;
265932;415;612;662;908;3;13;4294967295;33,59;688,60;100,00;0,00;3170,54;1;;;;;;;;;;
266928;414;612;662;908;3;14;4294967295;33,59;688,60;100,00;0,00;3170,54;1;;;;;;;;;;
267924;415;611;662;909;3;13;4294967295;33,59;688,60;100,00;0,00;3170,54;1;;;;;;;;;;
268920;415;610;662;908;3;13;4294967295;33,59;688,60;100,00;0,00;3170,54;1;;;;;;;;;;
269916;414;610;662;908;3;13;4294967295;33,59;688,60;100,00;0,00;3170,54;1;;;;;;;;;;
270912;413;609;662;908;3;13;4294967295;33,59;688,60;100,00;0,00;3170,54;1;;;;;;;;;;
271908;411;609;660;908;3;13;4294967295;33,59;688,60;100,00;0,00;3170,54;1;;;;;;;;;;
272904;409;607;658;907;3;13;4294967295;33,59;688,60;100,00;0,00;3170,54;1;;;;;;;;;;
273900;406;607;656;907;3;13;4294967295;33,59;688,60;100,00;0,00;3170,54;1;;;;;;;;;;
274896;403;606;655;907;3;13;4294967295;33,59;688,60;100,00;0,00;3170,54;1;;;;;;;;;;
275892;401;606;654;907;3;13;4294967295;33,59;688,60;100,00;0,00;3170,54;1;;;;;;;;;;
276888;399;605;652;906;3;13;4294967295;33,59;688,60;100,00;0,00;3170,54;1;;;;;;;;;;
277884;399;604;651;907;3;14;4294967295;33,59;688,60;100,00;0,00;3170,54;1;;;;;;;;;;
278880;398;605;650;906;3;13;4294967295;33,59;688,60;100,00;0,00;3170,54;1;;;;;;;;;;
279876;399;604;650;906;3;13;4294967295;33,59;688,60;100,00;0,00;3170,54;1;;;;;;;;;;
280872;402;604;650;906;3;15;4294967295;33,59;688,60;100,00;0,00;3170,54;1;;;;;;;;;;
281868;402;603;651;906;3;13;4294967295;33,59;688,60;100,00;0,00;3170,54;1;;;;;;;;;;
282864;403;603;652;905;3;13;4294967295;33,59;688,60;100,00;0,00;3170,54;1;;;;;;;;;;
283860;403;603;652;906;3;13;4294967295;33,59;688,60;100,00;0,00;3170,54;1;;;;;;;;;;
284856;402;603;651;906;3;13;4294967295;33,59;688,60;100,00;0,00;3170,54;1;;;;;;;;;;
285852;403;603;651;906;3;13;4294967295;33,59;688,60;100,00;0,00;3170,54;1;;;;;;;;;;
286848;404;603;651;906;3;13;4294967295;33,59;688,60;100,00;0,00;3170,54;1;;;;;;;;;;
287844;405;602;651;906;3;13;4294967295;33,59;688,60;100,00;0,00;3170,54;1;;;;;;;;;;
288840;406;602;652;906;3;13;4294967295;33,59;688,60;100,00;0,00;3170,54;1;;;;;;;;;;
289836;408;603;652;906;3;13;4294967295;33,59;688,60;100,00;0,00;3170,54;1;;;;;;;;;;
290832;410;602;653;906;3;13;4294967295;33,59;688,60;100,00;0,00;3170,54;1;;;;;;;;;;
291828;412;602;655;906;3;13;4294967295;33,59;688,60;100,00;0,00;3170,54;1;;;;;;;;;;
292824;414;603;657;907;3;13;4294967295;33,59;688,60;100,00;0,00;3170,54;1;;;;;;;;;;
293820;415;603;659;907;3;13;4294967295;33,59;688,60;100,00;0,00;3170,54;1;;;;;;;;;;
294816;415;603;660;906;4;13;4294967295;33,59;688,60;100,00;0,00;3170,54;1;;;;;;;;;;
295812;416;603;660;906;4;13;4294967295;33,59;688,60;100,00;0,00;3170,54;1;;;;;;;;;;
296808;415;603;660;906;3;13;4294967295;33,59;688,60;100,00;0,00;3170,54;1;;;;;;;;;;
297804;413;603;659;907;3;13;4294967295;33,59;688,60;100,00;0,00;3170,54;1;;;;;;;;;;
298800;412;603;658;906;3;14;4294967295;33,59;688,60;100,00;0,00;3170,54;1;;;;;;;;;;
299796;410;603;657;907;3;14;4294967295;33,59;688,60;100,00;0,00;3170,54;1;;;;;;;;;;
300792;410;603;657;906;3;14;4294967295;33,59;688,60;100,00;0,00;3170,54;1;;;;;;;;;;
301788;410;603;656;907;3;13;4294967295;33,59;688,60;100,00;0,00;3170,54;1;;;;;;;;;;
302784;414;603;656;906;3;14;4294967295;33,59;688,60;100,00;0,00;3170,54;1;;;;;;;;;;
303780;413;603;656;906;3;14;4294967295;33,59;688,60;100,00;0,00;3170,54;1;;;;;;;;;;
304776;412;603;655;906;3;14;4294967295;33,59;688,60;100,00;0,00;3170,54;1;;;;;;;;;;
305772;412;603;654;906;3;13;4294967295;33,59;688,60;100,00;0,00;3170,54;1;;;;;;;;;;
306768;412;603;654;906;3;14;4294967295;33,59;688,60;100,00;0,00;3170,54;1;;;;;;;;;;
307764;411;602;654;905;3;13;4294967295;33,59;688,60;100,00;0,00;3170,54;1;;;;;;;;;;
308760;409;602;653;906;3;13;4294967295;33,59;688,60;100,00;0,00;3170,54;1;;;;;;;;;;
309756;407;602;652;905;3;13;4294967295;33,59;688,60;100,00;0,00;3170,54;1;;;;;;;;;;
310752;406;601;651;904;3;13;4294967295;33,59;688,60;100,00;0,00;3170,54;1;;;;;;;;;;
311748;405;601;651;904;3;14;4294967295;33,59;688,60;100,00;0,00;3170,54;1;;;;;;;;;;
312744;403;600;649;905;3;13;4294967295;33,59;688,60;100,00;0,00;3170,54;1;;;;;;;;;;
313740;402;599;649;904;3;14;4294967295;33,59;688,60;100,00;0,00;3170,54;1;;;;;;;;;;
314736;401;599;648;904;2;13;4294967295;33,59;688,60;100,00;0,00;3170,54;1;;;;;;;;;;
315732;400;598;648;904;3;13;4294967295;33,59;688,60;100,00;0,00;3170,54;1;;;;;;;;;;
316728;400;598;647;904;3;14;4294967295;33,59;688,60;100,00;0,00;3170,54;1;;;;;;;;;;
317724;399;597;647;904;3;13;4294967295;33,59;688,60;100,00;0,00;3170,54;1;;;;;;;;;;
318720;398;597;647;904;4;13;4294967295;33,59;688,60;100,00;0,00;3170,54;1;;;;;;;;;;
319716;398;597;647;904;3;13;4294967295;33,59;688,60;100,00;0,00;3170,54;1;;;;;;;;;;
320712;399;596;648;904;3;13;4294967295;33,59;688,60;100,00;0,00;3170,54;1;;;;;;;;;;
321708;401;596;649;904;3;13;4294967295;33,59;688,60;100,00;0,00;3170,54;1;;;;;;;;;;
322704;401;596;650;904;3;13;4294967295;33,59;688,60;100,00;0,00;3170,54;1;;;;;;;;;;
323700;402;595;652;904;3;13;4294967295;33,59;688,60;100,00;0,00;3170,54;1;;;;;;;;;;
324696;402;595;652;905;3;13;4294967295;33,59;688,60;100,00;0,00;3170,54;1;;;;;;;;;;
325692;401;595;652;905;3;14;4294967295;33,59;688,60;100,00;0,00;3170,54;1;;;;;;;;;;
326688;401;594;653;904;3;14;4294967295;33,59;688,60;100,00;0,00;3170,54;1;;;;;;;;;;
327684;399;594;652;904;3;13;4294967295;33,59;688,60;100,00;0,00;3170,54;1;;;;;;;;;;
328680;398;593;651;904;3;13;4294967295;33,59;688,60;100,00;0,00;3170,54;1;;;;;;;;;;
329676;397;593;651;904;3;13;4294967295;33,59;688,60;100,00;0,00;3170,54;1;;;;;;;;;;
330672;396;592;650;904;3;14;4294967295;33,59;688,60;100,00;0,00;3170,54;1;;;;;;;;;;
331668;396;591;649;904;3;13;4294967295;33,59;688,60;100,00;0,00;3170,54;1;;;;;;;;;;
332664;396;591;650;903;3;14;4294967295;33,59;688,60;100,00;0,00;3170,54;1;;;;;;;;;;
333660;396;590;650;903;3;13;4294967295;33,59;688,60;100,00;0,00;3170,54;1;;;;;;;;;;
334656;394;590;650;903;3;14;4294967295;33,59;688,60;100,00;0,00;3170,54;1;;;;;;;;;;
335652;394;589;649;903;3;15;4294967295;33,59;688,60;100,00;0,00;3170,54;1;;;;;;;;;;
336648;393;589;650;903;3;14;4294967295;33,59;688,60;100,00;0,00;3170,54;1;;;;;;;;;;
337644;394;589;649;903;3;13;4294967295;33,59;688,60;100,00;0,00;3170,54;1;;;;;;;;;;
338640;395;588;650;903;3;13;4294967295;33,59;688,60;100,00;0,00;3170,54;1;;;;;;;;;;
339636;398;588;651;904;3;14;4294967295;33,59;688,60;100,00;0,00;3170,54;1;;;;;;;;;;
340632;400;588;653;904;3;13;4294967295;33,59;688,60;100,00;0,00;3170,54;1;;;;;;;;;;
341628;403;588;654;904;3;13;4294967295;33,59;688,60;100,00;0,00;3170,54;1;;;;;;;;;;
342624;405;589;656;904;3;14;4294967295;33,59;688,60;100,00;0,00;3170,54;1;;;;;;;;;;
343620;408;589;659;904;3;14;4294967295;33,59;688,60;100,00;0,00;3170,54;1;;;;;;;;;;
344616;410;590;661;904;3;14;4294967295;33,59;688,60;100,00;0,00;3170,54;1;;;;;;;;;;
345612;410;590;661;905;3;13;4294967295;33,59;688,60;100,00;0,00;3170,54;1;;;;;;;;;;
346608;413;590;662;904;3;13;4294967295;33,59;688,60;100,00;0,00;3170,54;1;;;;;;;;;;
347604;413;591;662;905;3;13;4294967295;33,59;688,60;100,00;0,00;3170,54;1;;;;;;;;;;
348600;414;591;662;904;3;14;4294967295;33,59;688,60;100,00;0,00;3170,54;1;;;;;;;;;;
349596;413;591;660;904;3;14;4294967295;33,59;688,60;100,00;0,00;3170,54;1;;;;;;;;;;
350592;411;590;659;904;3;13;4294967295;33,59;688,60;100,00;0,00;3170,54;1;;;;;;;;;;
351588;408;591;658;904;3;14;4294967295;33,59;688,60;100,00;0,00;3170,54;1;;;;;;;;;;
352584;406;591;657;904;3;14;4294967295;33,59;688,60;100,00;0,00;3170,54;1;;;;;;;;;;
353580;406;591;656;903;3;13;4294967295;33,59;688,60;100,00;0,00;3170,54;1;;;;;;;;;;
354576;405;591;654;903;3;14;4294967295;33,59;688,60;100,00;0,00;3170,54;1;;;;;;;;;;
355572;404;591;654;903;3;13;4294967295;33,59;688,60;100,00;0,00;3170,54;1;;;;;;;;;;
356568;403;590;653;903;3;13;4294967295;33,59;688,60;100,00;0,00;3170,54;1;;;;;;;;;;
357564;402;591;652;903;3;13;4294967295;33,59;688,60;100,00;0,00;3170,54;1;;;;;;;;;;
358560;404;591;652;903;3;13;4294967295;33,59;688,60;100,00;0,00;3170,54;1;;;;;;;;;;
359556;406;592;653;903;3;13;4294967295;33,59;688,60;100,00;0,00;3170,54;1;;;;;;;;;;
360552;408;592;654;904;3;13;4294967295;33,59;688,60;100,00;0,00;3170,54;1;;;;;;;;;;
361548;409;593;655;903;3;13;4294967295;33,59;688,60;100,00;0,00;3170,54;1;;;;;;;;;;
362544;411;592;656;903;3;13;4294967295;33,59;688,60;100,00;0,00;3170,54;1;;;;;;;;;;
363540;412;593;657;903;3;13;4294967295;33,59;688,60;100,00;0,00;3170,54;1;;;;;;;;;;
364536;414;593;658;903;2;13;4294967295;33,59;688,60;100,00;0,00;3170,54;1;;;;;;;;;;
365532;415;593;660;904;3;14;4294967295;33,59;688,60;100,00;0,00;3170,54;1;;;;;;;;;;
366528;416;594;662;904;3;13;4294967295;33,59;688,60;100,00;0,00;3170,54;1;;;;;;;;;;
367524;416;594;663;904;3;13;4294967295;33,59;688,60;100,00;0,00;3170,54;1;;;;;;;;;;
368520;415;593;662;903;3;13;4294967295;33,59;688,60;100,00;0,00;3170,54;1;;;;;;;;;;
369516;414;594;662;904;3;12;4294967295;33,59;688,60;100,00;0,00;3170,54;1;;;;;;;;;;
370512;413;594;661;903;3;14;4294967295;33,59;688,60;100,00;0,00;3170,54;1;;;;;;;;;;
371508;412;594;661;904;3;13;4294967295;33,59;688,60;100,00;0,00;3170,54;1;;;;;;;;;;
372504;411;594;660;903;3;14;4294967295;33,59;688,60;100,00;0,00;3170,54;1;;;;;;;;;;
373500;409;593;659;904;3;15;4294967295;33,59;688,60;100,00;0,00;3170,54;1;;;;;;;;;;
374496;407;593;658;902;3;13;4294967295;33,59;688,60;100,00;0,00;3170,54;1;;;;;;;;;;
375492;405;593;657;903;3;13;4294967295;33,59;688,60;100,00;0,00;3170,54;1;;;;;;;;;;
376488;405;592;656;903;4;14;4294967295;33,59;688,60;100,00;0,00;3170,54;1;;;;;;;;;;
377484;404;593;655;902;3;13;4294967295;33,59;688,60;100,00;0,00;3170,54;1;;;;;;;;;;
378480;404;593;655;903;3;13;4294967295;33,59;688,60;100,00;0,00;3170,54;1;;;;;;;;;;
379476;405;594;654;903;3;14;4294967295;33,59;688,60;100,00;0,00;3170,54;1;;;;;;;;;;
380472;406;594;654;902;3;14;4294967295;33,59;688,60;100,00;0,00;3170,54;1;;;;;;;;;;
381468;408;594;654;903;3;14;4294967295;33,59;688,60;100,00;0,00;3170,54;1;;;;;;;;;;
382464;411;595;655;903;3;13;4294967295;33,59;688,60;100,00;0,00;3170,54;1;;;;;;;;;;
383460;415;595;657;903;3;13;4294967295;33,59;688,60;100,00;0,00;3170,54;1;;;;;;;;;;
384456;416;595;657;903;3;14;4294967295;33,59;688,60;100,00;0,00;3170,54;1;;;;;;;;;;
385452;417;596;658;903;3;16;4294967295;33,59;688,60;100,00;0,00;3170,54;1;;;;;;;;;;
386448;418;596;659;903;3;14;4294967295;33,59;688,60;100,00;0,00;3170,54;1;;;;;;;;;;
387444;418;596;659;903;3;14;4294967295;33,59;688,60;100,00;0,00;3170,54;1;;;;;;;;;;
388440;418;597;659;903;3;14;4294967295;33,59;688,60;100,00;0,00;3170,54;1;;;;;;;;;;
389436;418;597;659;902;3;13;4294967295;33,59;688,60;100,00;0,00;3170,54;1;;;;;;;;;;
390432;417;597;658;903;3;14;4294967295;33,59;688,60;100,00;0,00;3170,54;1;;;;;;;;;;
391428;416;597;658;902;3;13;4294967295;33,59;688,60;100,00;0,00;3170,54;1;;;;;;;;;;
392424;414;597;657;902;3;14;4294967295;33,59;688,60;100,00;0,00;3170,54;1;;;;;;;;;;
393420;413;597;656;902;3;14;4294967295;33,59;688,60;100,00;0,00;3170,54;1;;;;;;;;;;
394416;412;597;657;902;3;13;4294967295;33,59;688,60;100,00;0,00;3170,54;1;;;;;;;;;;
395412;411;596;656;902;3;14;4294967295;33,59;688,60;100,00;0,00;3170,54;1;;;;;;;;;;
396408;411;597;657;902;3;14;4294967295;33,59;688,60;100,00;0,00;3170,54;1;;;;;;;;;;
397404;411;596;657;902;3;14;4294967295;33,59;688,60;100,00;0,00;3170,54;1;;;;;;;;;;
398400;410;596;657;902;3;14;4294967295;33,59;688,60;100,00;0,00;3170,54;1;;;;;;;;;;
399396;411;596;657;902;3;13;4294967295;33,59;688,60;100,00;0,00;3170,54;1;;;;;;;;;;
400392;411;596;658;902;3;14;4294967295;33,59;688,60;100,00;0,00;3170,54;1;;;;;;;;;;
401388;412;597;659;903;3;13;4294967295;33,59;688,60;100,00;0,00;3170,54;1;;;;;;;;;;
402384;415;597;660;902;3;14;4294967295;33,59;688,60;100,00;0,00;3170,54;1;;;;;;;;;;
403380;418;596;661;903;3;14;4294967295;33,59;688,60;100,00;0,00;3170,54;1;;;;;;;;;;
404376;421;597;663;903;3;13;4294967295;33,59;688,60;100,00;0,00;3170,54;1;;;;;;;;;;
405372;422;598;664;903;3;14;4294967295;33,59;688,60;100,00;0,00;3170,54;1;;;;;;;;;;
406368;424;597;665;903;3;14;4294967295;33,59;688,60;100,00;0,00;3170,54;1;;;;;;;;;;
407364;423;598;666;903;4;14;4294967295;33,59;688,60;100,00;0,00;3170,54;1;;;;;;;;;;
408360;421;597;666;902;3;13;4294967295;33,59;688,60;100,00;0,00;3170,54;1;;;;;;;;;;
409356;421;597;666;903;3;14;4294967295;33,59;688,60;100,00;0,00;3170,54;1;;;;;;;;;;
410352;420;597;665;903;3;14;4294967295;33,59;688,60;100,00;0,00;3170,54;1;;;;;;;;;;
411348;419;597;664;903;3;14;4294967295;33,59;688,60;100,00;0,00;3170,54;1;;;;;;;;;;
412344;417;598;664;902;3;14;4294967295;33,59;688,60;100,00;0,00;3170,54;1;;;;;;;;;;
413340;416;598;662;902;3;14;4294967295;33,59;688,60;100,00;0,00;3170,54;1;;;;;;;;;;
414336;418;598;662;902;3;13;4294967295;33,59;688,60;100,00;0,00;3170,54;1;;;;;;;;;;
415332;420;598;662;902;3;14;4294967295;33,59;688,60;100,00;0,00;3170,54;1;;;;;;;;;;
416328;423;598;663;902;3;14;4294967295;33,59;688,60;100,00;0,00;3170,54;1;;;;;;;;;;
417324;426;599;664;902;3;14;4294967295;33,59;688,60;100,00;0,00;3170,54;1;;;;;;;;;;
418320;428;599;665;903;3;14;4294967295;33,59;688,60;100,00;0,00;3170,54;1;;;;;;;;;;
419316;429;600;667;903;3;14;4294967295;33,59;688,60;100,00;0,00;3170,54;1;;;;;;;;;;
420312;431;601;668;903;3;14;4294967295;33,59;688,60;100,00;0,00;3170,54;1;;;;;;;;;;
421308;432;601;668;903;4;14;4294967295;33,59;688,60;100,00;0,00;3170,54;1;;;;;;;;;;
422304;433;602;670;903;3;14;4294967295;33,59;688,60;100,00;0,00;3170,54;1;;;;;;;;;;
