timestamp_ms,NO2,C2H5CH,VOC,CO
0.0,416.0,450.0,283.0,185.0
100.0,416.0,449.0,283.0,185.0
200.0,416.0,450.0,284.0,184.0
300.0,415.0,451.0,283.0,185.0
400.0,415.0,451.0,284.0,185.0
500.0,415.0,451.0,284.0,184.0
600.0,414.0,450.0,284.0,185.0
700.0,414.0,450.0,285.0,185.0
800.0,414.0,451.0,285.0,185.0
900.0,413.0,451.0,285.0,186.0
1000.0,414.0,451.0,285.0,186.0
1100.0,413.0,451.0,285.0,186.0
1200.0,413.0,451.0,284.0,185.0
1300.0,413.0,452.0,286.0,186.0
1400.0,413.0,452.0,285.0,186.0
1500.0,413.0,452.0,285.0,187.0
1600.0,413.0,452.0,286.0,186.0
1700.0,412.0,453.0,286.0,187.0
1800.0,412.0,453.0,285.0,187.0
1900.0,412.0,453.0,286.0,187.0
2000.0,412.0,453.0,286.0,187.0
2100.0,412.0,453.0,287.0,187.0
2200.0,412.0,453.0,287.0,188.0
2300.0,412.0,454.0,286.0,188.0
2400.0,412.0,454.0,287.0,187.0
2500.0,412.0,454.0,287.0,188.0
2600.0,412.0,454.0,287.0,187.0
2700.0,411.0,454.0,288.0,188.0
2800.0,411.0,455.0,287.0,188.0
2900.0,412.0,455.0,288.0,187.0
3000.0,411.0,455.0,288.0,188.0
3100.0,411.0,455.0,288.0,188.0
3200.0,411.0,455.0,289.0,189.0
3300.0,411.0,456.0,288.0,188.0
3400.0,410.0,456.0,289.0,189.0
3500.0,410.0,456.0,290.0,188.0
3600.0,411.0,456.0,290.0,189.0
3700.0,411.0,457.0,290.0,188.0
3800.0,411.0,457.0,289.0,189.0
3900.0,411.0,457.0,290.0,188.0
4000.0,411.0,456.0,290.0,189.0
4100.0,410.0,457.0,290.0,188.0
4200.0,411.0,457.0,290.0,188.0
4300.0,409.0,458.0,290.0,189.0
4400.0,410.0,458.0,290.0,189.0
4500.0,409.0,458.0,291.0,189.0
4600.0,410.0,458.0,291.0,188.0
4700.0,410.0,458.0,291.0,189.0
4800.0,410.0,458.0,291.0,189.0
4900.0,410.0,458.0,292.0,189.0
5000.0,409.0,459.0,292.0,189.0
5100.0,410.0,460.0,292.0,189.0
5200.0,410.0,459.0,293.0,189.0
5300.0,410.0,459.0,292.0,189.0
5400.0,410.0,459.0,293.0,189.0
5500.0,411.0,460.0,293.0,190.0
5600.0,411.0,460.0,293.0,189.0
5700.0,410.0,460.0,294.0,190.0
5800.0,411.0,461.0,294.0,190.0
5900.0,411.0,461.0,293.0,190.0
6000.0,411.0,462.0,294.0,190.0
6100.0,411.0,461.0,294.0,190.0
6200.0,411.0,461.0,295.0,190.0
6300.0,410.0,462.0,294.0,190.0
6400.0,412.0,462.0,295.0,190.0
6500.0,411.0,462.0,295.0,190.0
6600.0,411.0,462.0,295.0,190.0
6700.0,411.0,463.0,295.0,191.0
6800.0,410.0,463.0,296.0,190.0
6900.0,412.0,464.0,296.0,191.0
7000.0,412.0,464.0,296.0,191.0
7100.0,412.0,465.0,297.0,191.0
7200.0,411.0,464.0,297.0,191.0
7300.0,410.0,464.0,297.0,191.0
7400.0,409.0,465.0,297.0,191.0
7500.0,408.0,466.0,298.0,191.0
7600.0,408.0,466.0,298.0,192.0
7700.0,409.0,466.0,297.0,192.0
7800.0,408.0,467.0,298.0,192.0
7900.0,409.0,467.0,298.0,193.0
8000.0,409.0,467.0,298.0,192.0
8100.0,410.0,468.0,299.0,192.0
8200.0,409.0,468.0,299.0,193.0
8300.0,410.0,468.0,299.0,192.0
8400.0,410.0,468.0,300.0,192.0
8500.0,411.0,468.0,300.0,193.0
8600.0,411.0,469.0,301.0,193.0
8700.0,411.0,469.0,300.0,193.0
8800.0,410.0,470.0,301.0,194.0
8900.0,411.0,471.0,301.0,194.0
9000.0,411.0,471.0,302.0,194.0
9100.0,412.0,471.0,301.0,192.0
9200.0,411.0,472.0,302.0,194.0
9300.0,411.0,472.0,303.0,195.0
9400.0,412.0,472.0,303.0,195.0
9500.0,413.0,472.0,303.0,195.0
9600.0,414.0,473.0,303.0,195.0
9700.0,414.0,473.0,303.0,195.0
9800.0,414.0,474.0,304.0,195.0
9900.0,414.0,474.0,304.0,196.0
10000.0,414.0,474.0,305.0,195.0
10100.0,414.0,475.0,304.0,196.0
10200.0,415.0,475.0,305.0,196.0
10300.0,415.0,476.0,305.0,196.0
10400.0,415.0,476.0,305.0,196.0
10500.0,416.0,476.0,306.0,196.0
10600.0,416.0,477.0,307.0,196.0
10700.0,416.0,478.0,307.0,196.0
10800.0,417.0,477.0,306.0,196.0
10900.0,417.0,478.0,307.0,196.0
11000.0,418.0,479.0,308.0,197.0
11100.0,418.0,479.0,307.0,196.0
11200.0,417.0,478.0,309.0,197.0
11300.0,418.0,479.0,309.0,197.0
11400.0,419.0,480.0,309.0,197.0
11500.0,419.0,480.0,310.0,198.0
11600.0,420.0,480.0,310.0,198.0
11700.0,419.0,481.0,310.0,198.0
11800.0,420.0,482.0,310.0,199.0
11900.0,420.0,481.0,310.0,198.0
12000.0,420.0,483.0,312.0,199.0
12100.0,422.0,483.0,311.0,198.0
12200.0,422.0,483.0,311.0,198.0
12300.0,422.0,484.0,312.0,199.0
12400.0,422.0,484.0,313.0,199.0
12500.0,422.0,484.0,312.0,198.0
12600.0,423.0,485.0,314.0,199.0
12700.0,423.0,485.0,313.0,199.0
12800.0,424.0,486.0,313.0,199.0
12900.0,424.0,486.0,314.0,200.0
13000.0,425.0,487.0,314.0,199.0
13100.0,425.0,487.0,315.0,199.0
13200.0,424.0,487.0,315.0,199.0
13300.0,425.0,488.0,316.0,199.0
13400.0,425.0,489.0,315.0,200.0
13500.0,426.0,488.0,317.0,200.0
13600.0,426.0,489.0,316.0,200.0
13700.0,427.0,488.0,316.0,200.0
13800.0,428.0,490.0,318.0,201.0
13900.0,428.0,491.0,317.0,201.0
14000.0,429.0,491.0,318.0,200.0
14100.0,428.0,491.0,319.0,201.0
14200.0,428.0,492.0,318.0,201.0
14300.0,429.0,492.0,319.0,201.0
14400.0,428.0,493.0,319.0,202.0
14500.0,429.0,493.0,320.0,202.0
14600.0,430.0,493.0,321.0,201.0
14700.0,431.0,493.0,321.0,201.0
14800.0,431.0,494.0,321.0,202.0
14900.0,431.0,495.0,322.0,202.0
15000.0,431.0,495.0,322.0,202.0
15100.0,431.0,495.0,321.0,202.0
15200.0,432.0,496.0,322.0,203.0
15300.0,433.0,496.0,322.0,202.0
15400.0,432.0,498.0,323.0,201.0
15500.0,434.0,497.0,324.0,203.0
15600.0,434.0,498.0,324.0,203.0
15700.0,434.0,498.0,323.0,203.0
15800.0,434.0,498.0,324.0,203.0
15900.0,434.0,499.0,325.0,203.0
16000.0,435.0,499.0,325.0,203.0
16100.0,436.0,499.0,326.0,203.0
16200.0,436.0,501.0,326.0,203.0
16300.0,436.0,501.0,325.0,203.0
16400.0,437.0,501.0,327.0,204.0
16500.0,438.0,502.0,326.0,204.0
16600.0,438.0,503.0,327.0,204.0
16700.0,438.0,503.0,328.0,204.0
16800.0,439.0,502.0,328.0,203.0
16900.0,439.0,503.0,329.0,205.0
17000.0,439.0,504.0,328.0,204.0
17100.0,439.0,504.0,328.0,204.0
17200.0,440.0,505.0,330.0,205.0
17300.0,441.0,505.0,330.0,205.0
17400.0,440.0,506.0,331.0,204.0
17500.0,441.0,506.0,330.0,204.0
17600.0,441.0,506.0,330.0,205.0
17700.0,441.0,507.0,332.0,205.0
17800.0,442.0,508.0,331.0,204.0
17900.0,442.0,508.0,331.0,205.0
18000.0,442.0,508.0,333.0,206.0
18100.0,443.0,508.0,332.0,205.0
18200.0,443.0,510.0,333.0,206.0
18300.0,444.0,510.0,334.0,204.0
18400.0,444.0,510.0,334.0,205.0
18500.0,444.0,511.0,334.0,206.0
18600.0,444.0,511.0,334.0,206.0
18700.0,444.0,512.0,336.0,207.0
18800.0,446.0,512.0,336.0,206.0
18900.0,445.0,513.0,337.0,206.0
19000.0,446.0,512.0,337.0,206.0
19100.0,446.0,513.0,337.0,207.0
19200.0,447.0,513.0,338.0,206.0
19300.0,447.0,514.0,338.0,207.0
19400.0,447.0,513.0,338.0,206.0
19500.0,448.0,515.0,339.0,207.0
19600.0,448.0,516.0,339.0,207.0
19700.0,449.0,515.0,340.0,207.0
19800.0,449.0,516.0,339.0,207.0
19900.0,449.0,516.0,341.0,206.0
20000.0,449.0,516.0,341.0,207.0
20100.0,450.0,517.0,341.0,207.0
20200.0,449.0,518.0,341.0,206.0
20300.0,450.0,518.0,341.0,207.0
20400.0,450.0,519.0,342.0,207.0
20500.0,450.0,519.0,342.0,207.0
20600.0,452.0,520.0,343.0,208.0
20700.0,452.0,520.0,344.0,208.0
20800.0,452.0,521.0,344.0,209.0
20900.0,453.0,521.0,345.0,208.0
21000.0,452.0,521.0,345.0,207.0
21100.0,454.0,522.0,345.0,208.0
21200.0,453.0,522.0,345.0,209.0
21300.0,454.0,522.0,346.0,209.0
21400.0,454.0,523.0,346.0,209.0
21500.0,455.0,523.0,347.0,208.0
21600.0,455.0,523.0,346.0,209.0
21700.0,455.0,524.0,347.0,208.0
21800.0,455.0,525.0,348.0,208.0
21900.0,455.0,525.0,347.0,209.0
22000.0,456.0,526.0,348.0,209.0
22100.0,456.0,526.0,349.0,208.0
22200.0,457.0,527.0,348.0,209.0
22300.0,458.0,527.0,349.0,208.0
22400.0,457.0,527.0,349.0,209.0
22500.0,457.0,528.0,350.0,209.0
22600.0,458.0,528.0,350.0,209.0
22700.0,458.0,529.0,350.0,210.0
22800.0,459.0,529.0,350.0,209.0
22900.0,459.0,530.0,351.0,210.0
23000.0,460.0,530.0,352.0,209.0
23100.0,460.0,530.0,352.0,211.0
23200.0,460.0,531.0,352.0,209.0
23300.0,460.0,531.0,353.0,210.0
23400.0,461.0,532.0,352.0,210.0
23500.0,461.0,532.0,353.0,210.0
23600.0,462.0,532.0,353.0,211.0
23700.0,461.0,532.0,354.0,211.0
23800.0,462.0,533.0,354.0,210.0
23900.0,462.0,533.0,355.0,210.0
24000.0,463.0,534.0,355.0,210.0
24100.0,463.0,534.0,356.0,211.0
24200.0,464.0,534.0,356.0,210.0
24300.0,463.0,535.0,356.0,212.0
24400.0,463.0,535.0,356.0,211.0
24500.0,465.0,536.0,357.0,212.0
24600.0,464.0,537.0,357.0,212.0
24700.0,464.0,537.0,357.0,212.0
24800.0,465.0,538.0,357.0,212.0
24900.0,466.0,538.0,359.0,211.0
25000.0,465.0,538.0,359.0,211.0
25100.0,466.0,539.0,359.0,212.0
25200.0,467.0,539.0,359.0,212.0
25300.0,466.0,539.0,360.0,212.0
25400.0,468.0,540.0,360.0,212.0
25500.0,467.0,540.0,360.0,213.0
25600.0,467.0,540.0,360.0,212.0
25700.0,468.0,541.0,361.0,212.0
25800.0,469.0,541.0,361.0,212.0
25900.0,469.0,542.0,362.0,212.0
26000.0,469.0,543.0,362.0,212.0
26100.0,469.0,543.0,363.0,213.0
26200.0,470.0,543.0,363.0,213.0
26300.0,471.0,544.0,363.0,213.0
26400.0,470.0,544.0,364.0,213.0
26500.0,470.0,544.0,364.0,213.0
26600.0,471.0,544.0,364.0,213.0
26700.0,471.0,545.0,365.0,213.0
26800.0,472.0,545.0,365.0,213.0
26900.0,471.0,546.0,366.0,213.0
27000.0,472.0,547.0,367.0,213.0
27100.0,473.0,547.0,365.0,214.0
27200.0,472.0,547.0,367.0,214.0
27300.0,473.0,547.0,367.0,213.0
27400.0,474.0,548.0,367.0,213.0
27500.0,473.0,548.0,368.0,214.0
27600.0,474.0,549.0,368.0,214.0
27700.0,474.0,549.0,368.0,214.0
27800.0,474.0,549.0,368.0,214.0
27900.0,475.0,550.0,369.0,215.0
28000.0,476.0,550.0,369.0,214.0
28100.0,476.0,550.0,370.0,214.0
28200.0,476.0,551.0,370.0,214.0
28300.0,476.0,551.0,370.0,214.0
28400.0,476.0,552.0,371.0,215.0
28500.0,476.0,553.0,371.0,214.0
28600.0,477.0,552.0,370.0,214.0
28700.0,477.0,553.0,372.0,214.0
28800.0,477.0,553.0,372.0,214.0
28900.0,477.0,554.0,372.0,214.0
29000.0,478.0,555.0,373.0,215.0
29100.0,478.0,555.0,373.0,215.0
29200.0,478.0,554.0,374.0,214.0
29300.0,479.0,555.0,373.0,214.0
29400.0,478.0,556.0,374.0,215.0
29500.0,479.0,556.0,375.0,215.0
29600.0,479.0,556.0,374.0,215.0
29700.0,479.0,557.0,374.0,215.0
29800.0,480.0,557.0,375.0,215.0
29900.0,480.0,558.0,375.0,215.0
30000.0,480.0,558.0,376.0,215.0
30100.0,481.0,559.0,376.0,215.0
30200.0,481.0,558.0,377.0,215.0
30300.0,481.0,559.0,376.0,215.0
30400.0,482.0,559.0,377.0,214.0
30500.0,482.0,560.0,378.0,215.0
30600.0,482.0,560.0,378.0,216.0
30700.0,483.0,561.0,378.0,216.0
30800.0,483.0,560.0,379.0,216.0
30900.0,482.0,562.0,378.0,216.0
31000.0,483.0,562.0,379.0,216.0
31100.0,484.0,562.0,379.0,215.0
31200.0,484.0,562.0,380.0,216.0
31300.0,484.0,563.0,380.0,216.0
31400.0,484.0,563.0,380.0,216.0
31500.0,484.0,563.0,380.0,216.0
31600.0,485.0,563.0,381.0,216.0
31700.0,485.0,564.0,381.0,216.0
31800.0,485.0,564.0,382.0,216.0
31900.0,485.0,564.0,382.0,216.0
32000.0,485.0,565.0,382.0,216.0
32100.0,486.0,565.0,382.0,216.0
32200.0,486.0,566.0,383.0,216.0
32300.0,486.0,566.0,383.0,216.0
32400.0,487.0,566.0,384.0,216.0
32500.0,486.0,567.0,384.0,217.0
32600.0,487.0,567.0,384.0,217.0
32700.0,487.0,568.0,384.0,217.0
32800.0,488.0,568.0,384.0,218.0
32900.0,487.0,569.0,385.0,217.0
33000.0,488.0,570.0,385.0,217.0
33100.0,489.0,569.0,386.0,217.0
33200.0,488.0,570.0,387.0,218.0
33300.0,489.0,570.0,387.0,217.0
33400.0,489.0,570.0,388.0,218.0
33500.0,489.0,571.0,387.0,217.0
33600.0,490.0,571.0,387.0,217.0
33700.0,490.0,571.0,388.0,218.0
33800.0,490.0,571.0,389.0,218.0
33900.0,490.0,571.0,389.0,218.0
34000.0,490.0,573.0,389.0,218.0
34100.0,491.0,573.0,390.0,219.0
34200.0,491.0,574.0,390.0,219.0
34300.0,492.0,573.0,390.0,219.0
34400.0,492.0,575.0,391.0,218.0
34500.0,493.0,574.0,391.0,219.0
34600.0,493.0,574.0,391.0,219.0
34700.0,492.0,575.0,392.0,219.0
34800.0,493.0,575.0,392.0,218.0
34900.0,494.0,576.0,393.0,219.0
35000.0,494.0,577.0,393.0,219.0
35100.0,494.0,576.0,393.0,220.0
35200.0,494.0,577.0,393.0,220.0
35300.0,495.0,578.0,394.0,219.0
35400.0,495.0,578.0,394.0,219.0
35500.0,495.0,578.0,393.0,219.0
35600.0,495.0,579.0,395.0,219.0
35700.0,496.0,579.0,395.0,220.0
35800.0,497.0,579.0,396.0,221.0
35900.0,497.0,580.0,396.0,221.0
36000.0,498.0,580.0,396.0,221.0
36100.0,497.0,581.0,397.0,220.0
36200.0,497.0,580.0,396.0,221.0
36300.0,497.0,582.0,396.0,220.0
36400.0,498.0,582.0,397.0,221.0
36500.0,498.0,582.0,397.0,221.0
36600.0,499.0,582.0,398.0,220.0
36700.0,500.0,583.0,398.0,220.0
36800.0,500.0,583.0,399.0,221.0
36900.0,500.0,583.0,399.0,220.0
37000.0,500.0,584.0,399.0,221.0
37100.0,501.0,584.0,399.0,221.0
37200.0,501.0,585.0,400.0,221.0
37300.0,501.0,585.0,401.0,220.0
37400.0,501.0,585.0,401.0,222.0
37500.0,501.0,586.0,401.0,222.0
37600.0,502.0,586.0,401.0,221.0
37700.0,503.0,586.0,401.0,221.0
37800.0,502.0,586.0,402.0,222.0
37900.0,503.0,588.0,402.0,221.0
38000.0,503.0,588.0,402.0,222.0
38100.0,503.0,589.0,402.0,222.0
38200.0,504.0,588.0,403.0,222.0
38300.0,503.0,588.0,403.0,221.0
38400.0,505.0,590.0,404.0,221.0
38500.0,504.0,590.0,405.0,222.0
38600.0,503.0,590.0,404.0,221.0
38700.0,505.0,590.0,405.0,222.0
38800.0,505.0,591.0,405.0,222.0
38900.0,504.0,591.0,406.0,223.0
39000.0,506.0,591.0,405.0,222.0
39100.0,505.0,591.0,406.0,222.0
39200.0,505.0,591.0,406.0,222.0
39300.0,506.0,592.0,407.0,223.0
39400.0,507.0,592.0,407.0,222.0
39500.0,506.0,593.0,408.0,222.0
39600.0,507.0,593.0,408.0,222.0
39700.0,507.0,594.0,408.0,222.0
39800.0,506.0,594.0,409.0,222.0
39900.0,508.0,593.0,408.0,222.0
40000.0,508.0,595.0,410.0,223.0
40100.0,507.0,594.0,410.0,223.0
40200.0,507.0,595.0,409.0,223.0
40300.0,508.0,596.0,410.0,223.0
40400.0,509.0,596.0,411.0,224.0
40500.0,508.0,596.0,411.0,223.0
40600.0,509.0,596.0,411.0,223.0
40700.0,510.0,597.0,412.0,223.0
40800.0,510.0,597.0,411.0,223.0
40900.0,510.0,597.0,413.0,224.0
41000.0,510.0,597.0,412.0,224.0
41100.0,511.0,597.0,412.0,224.0
41200.0,511.0,599.0,412.0,224.0
41300.0,511.0,599.0,414.0,223.0
41400.0,511.0,599.0,414.0,224.0
41500.0,512.0,600.0,414.0,223.0
41600.0,512.0,600.0,415.0,224.0
41700.0,513.0,600.0,414.0,223.0
41800.0,512.0,601.0,415.0,224.0
41900.0,512.0,601.0,416.0,224.0
42000.0,512.0,602.0,417.0,225.0
42100.0,514.0,602.0,416.0,224.0
42200.0,514.0,603.0,417.0,225.0
42300.0,514.0,603.0,416.0,224.0
42400.0,514.0,604.0,417.0,225.0
42500.0,514.0,603.0,417.0,225.0
42600.0,514.0,604.0,418.0,226.0
42700.0,515.0,604.0,418.0,225.0
42800.0,515.0,604.0,418.0,225.0
42900.0,516.0,606.0,418.0,225.0
43000.0,516.0,605.0,419.0,225.0
43100.0,517.0,606.0,419.0,225.0
43200.0,517.0,605.0,419.0,225.0
43300.0,517.0,607.0,420.0,226.0
43400.0,517.0,606.0,421.0,225.0
43500.0,517.0,607.0,421.0,225.0
43600.0,518.0,607.0,421.0,226.0
43700.0,518.0,608.0,422.0,225.0
43800.0,518.0,608.0,422.0,226.0
43900.0,519.0,608.0,422.0,226.0
44000.0,518.0,610.0,422.0,226.0
44100.0,519.0,609.0,422.0,225.0
44200.0,519.0,609.0,423.0,226.0
44300.0,520.0,609.0,423.0,226.0
44400.0,520.0,610.0,423.0,227.0
44500.0,520.0,611.0,424.0,226.0
44600.0,521.0,611.0,424.0,227.0
44700.0,521.0,611.0,424.0,227.0
44800.0,520.0,612.0,425.0,226.0
44900.0,521.0,612.0,424.0,227.0
45000.0,522.0,612.0,425.0,227.0
45100.0,521.0,612.0,424.0,227.0
45200.0,522.0,612.0,425.0,227.0
45300.0,522.0,613.0,426.0,227.0
45400.0,522.0,613.0,427.0,227.0
45500.0,522.0,613.0,427.0,227.0
45600.0,523.0,614.0,427.0,227.0
45700.0,524.0,615.0,427.0,227.0
45800.0,523.0,615.0,427.0,228.0
45900.0,524.0,615.0,427.0,228.0
46000.0,524.0,616.0,428.0,227.0
46100.0,525.0,616.0,428.0,227.0
46200.0,524.0,616.0,429.0,227.0
46300.0,525.0,616.0,428.0,227.0
46400.0,526.0,616.0,429.0,228.0
46500.0,525.0,617.0,430.0,228.0
46600.0,526.0,617.0,430.0,228.0
46700.0,526.0,617.0,430.0,228.0
46800.0,527.0,617.0,431.0,228.0
46900.0,526.0,618.0,431.0,228.0
47000.0,526.0,618.0,431.0,229.0
47100.0,527.0,618.0,432.0,228.0
47200.0,527.0,620.0,432.0,228.0
47300.0,528.0,620.0,433.0,229.0
47400.0,528.0,620.0,432.0,229.0
47500.0,528.0,621.0,433.0,229.0
47600.0,528.0,621.0,433.0,229.0
47700.0,529.0,621.0,434.0,229.0
47800.0,529.0,622.0,434.0,229.0
47900.0,528.0,622.0,434.0,228.0
48000.0,529.0,622.0,434.0,229.0
48100.0,529.0,621.0,434.0,229.0
48200.0,530.0,622.0,434.0,229.0
48300.0,531.0,622.0,435.0,228.0
48400.0,531.0,623.0,436.0,228.0
48500.0,531.0,623.0,437.0,228.0
48600.0,531.0,624.0,436.0,229.0
48700.0,531.0,624.0,437.0,229.0
48800.0,532.0,625.0,437.0,229.0
48900.0,531.0,625.0,437.0,230.0
49000.0,532.0,624.0,438.0,230.0
49100.0,533.0,625.0,437.0,229.0
49200.0,533.0,626.0,438.0,229.0
49300.0,533.0,626.0,439.0,230.0
49400.0,533.0,627.0,439.0,230.0
49500.0,534.0,626.0,439.0,230.0
49600.0,533.0,626.0,439.0,229.0
49700.0,534.0,627.0,439.0,230.0
49800.0,535.0,626.0,440.0,230.0
49900.0,534.0,628.0,440.0,230.0
50000.0,535.0,628.0,441.0,230.0
50100.0,535.0,629.0,440.0,230.0
50200.0,536.0,628.0,442.0,230.0
50300.0,535.0,629.0,441.0,230.0
50400.0,536.0,630.0,442.0,231.0
50500.0,536.0,630.0,442.0,230.0
50600.0,536.0,630.0,442.0,229.0
50700.0,537.0,630.0,442.0,230.0
50800.0,537.0,630.0,443.0,230.0
50900.0,537.0,630.0,443.0,230.0
51000.0,537.0,631.0,443.0,231.0
51100.0,537.0,632.0,444.0,231.0
51200.0,538.0,632.0,444.0,230.0
51300.0,537.0,632.0,445.0,231.0
51400.0,538.0,632.0,444.0,231.0
51500.0,539.0,632.0,445.0,231.0
51600.0,538.0,632.0,445.0,230.0
51700.0,539.0,633.0,446.0,230.0
51800.0,539.0,633.0,445.0,231.0
51900.0,539.0,633.0,446.0,231.0
52000.0,539.0,633.0,446.0,231.0
52100.0,540.0,634.0,447.0,231.0
52200.0,540.0,635.0,447.0,231.0
52300.0,541.0,634.0,448.0,231.0
52400.0,540.0,635.0,448.0,231.0
52500.0,542.0,636.0,447.0,231.0
52600.0,541.0,636.0,448.0,232.0
52700.0,541.0,636.0,447.0,231.0
52800.0,542.0,636.0,448.0,231.0
52900.0,542.0,637.0,448.0,231.0
53000.0,541.0,636.0,449.0,231.0
53100.0,542.0,637.0,449.0,231.0
53200.0,542.0,637.0,449.0,230.0
53300.0,542.0,637.0,450.0,231.0
53400.0,542.0,638.0,450.0,232.0
53500.0,543.0,638.0,450.0,231.0
53600.0,543.0,639.0,451.0,232.0
53700.0,543.0,638.0,451.0,231.0
53800.0,543.0,639.0,451.0,231.0
53900.0,544.0,639.0,451.0,232.0
54000.0,543.0,639.0,451.0,231.0
54100.0,544.0,639.0,451.0,232.0
54200.0,544.0,640.0,451.0,231.0
54300.0,544.0,640.0,452.0,231.0
54400.0,544.0,640.0,452.0,230.0
54500.0,545.0,640.0,453.0,232.0
54600.0,545.0,641.0,453.0,231.0
54700.0,544.0,641.0,453.0,232.0
54800.0,545.0,641.0,454.0,232.0
54900.0,545.0,642.0,454.0,232.0
55000.0,545.0,641.0,453.0,232.0
55100.0,546.0,642.0,454.0,232.0
55200.0,545.0,642.0,455.0,231.0
55300.0,545.0,642.0,455.0,232.0
55400.0,545.0,642.0,456.0,232.0
55500.0,545.0,642.0,455.0,232.0
55600.0,546.0,643.0,456.0,232.0
55700.0,547.0,643.0,456.0,232.0
55800.0,547.0,643.0,456.0,232.0
55900.0,546.0,644.0,456.0,233.0
56000.0,546.0,645.0,457.0,232.0
56100.0,547.0,644.0,457.0,232.0
56200.0,548.0,644.0,457.0,232.0
56300.0,547.0,645.0,457.0,232.0
56400.0,548.0,645.0,457.0,232.0
56500.0,548.0,646.0,458.0,233.0
56600.0,548.0,646.0,458.0,233.0
56700.0,548.0,645.0,458.0,232.0
56800.0,549.0,646.0,459.0,232.0
56900.0,549.0,646.0,458.0,233.0
57000.0,549.0,647.0,458.0,233.0
57100.0,549.0,647.0,460.0,232.0
57200.0,549.0,647.0,459.0,233.0
57300.0,549.0,647.0,459.0,232.0
57400.0,550.0,647.0,460.0,233.0
57500.0,550.0,648.0,461.0,233.0
57600.0,550.0,648.0,461.0,233.0
57700.0,551.0,648.0,460.0,233.0
57800.0,551.0,648.0,461.0,232.0
57900.0,551.0,648.0,461.0,233.0
58000.0,551.0,648.0,460.0,233.0
58100.0,551.0,649.0,462.0,233.0
58200.0,551.0,650.0,461.0,233.0
58300.0,552.0,649.0,462.0,234.0
58400.0,552.0,650.0,462.0,234.0
58500.0,552.0,651.0,463.0,233.0
58600.0,552.0,651.0,463.0,233.0
58700.0,552.0,650.0,462.0,234.0
58800.0,553.0,651.0,463.0,233.0
58900.0,553.0,651.0,464.0,233.0
59000.0,553.0,651.0,463.0,234.0
59100.0,553.0,651.0,464.0,234.0
59200.0,553.0,652.0,464.0,232.0
59300.0,553.0,653.0,465.0,234.0
59400.0,553.0,653.0,465.0,233.0
59500.0,554.0,652.0,464.0,234.0
59600.0,554.0,652.0,465.0,234.0
59700.0,555.0,653.0,465.0,234.0
59800.0,554.0,652.0,466.0,234.0
59900.0,555.0,653.0,466.0,234.0
60000.0,555.0,654.0,466.0,234.0
60100.0,554.0,653.0,467.0,234.0
60200.0,555.0,654.0,466.0,234.0
60300.0,555.0,654.0,467.0,234.0
60400.0,555.0,655.0,467.0,234.0
60500.0,555.0,655.0,467.0,234.0
60600.0,555.0,655.0,468.0,234.0
60700.0,556.0,655.0,468.0,234.0
60800.0,555.0,655.0,468.0,234.0
60900.0,556.0,655.0,469.0,233.0
61000.0,557.0,656.0,468.0,234.0
61100.0,556.0,657.0,470.0,235.0
61200.0,557.0,657.0,469.0,234.0
61300.0,557.0,657.0,469.0,233.0
61400.0,558.0,656.0,469.0,234.0
61500.0,557.0,657.0,471.0,234.0
61600.0,557.0,658.0,470.0,233.0
61700.0,557.0,658.0,470.0,234.0
61800.0,557.0,658.0,470.0,235.0
61900.0,558.0,658.0,471.0,235.0
62000.0,558.0,658.0,471.0,234.0
62100.0,557.0,659.0,471.0,234.0
62200.0,558.0,658.0,471.0,234.0
62300.0,559.0,658.0,471.0,235.0
62400.0,559.0,659.0,472.0,235.0
62500.0,558.0,659.0,472.0,235.0
62600.0,559.0,660.0,473.0,235.0
62700.0,558.0,659.0,472.0,235.0
62800.0,559.0,660.0,474.0,235.0
62900.0,560.0,660.0,474.0,235.0
63000.0,560.0,660.0,473.0,235.0
63100.0,560.0,660.0,474.0,235.0
63200.0,561.0,661.0,474.0,235.0
63300.0,560.0,662.0,474.0,235.0
63400.0,560.0,661.0,474.0,236.0
63500.0,560.0,661.0,474.0,234.0
63600.0,560.0,662.0,475.0,235.0
63700.0,561.0,662.0,474.0,235.0
63800.0,561.0,662.0,475.0,235.0
63900.0,561.0,662.0,476.0,235.0
64000.0,561.0,663.0,476.0,236.0
64100.0,562.0,663.0,476.0,235.0
64200.0,561.0,663.0,476.0,236.0
64300.0,562.0,664.0,476.0,235.0
64400.0,562.0,664.0,477.0,235.0
64500.0,562.0,664.0,477.0,236.0
64600.0,562.0,664.0,477.0,235.0
64700.0,563.0,664.0,477.0,236.0
64800.0,563.0,664.0,478.0,236.0
64900.0,563.0,664.0,477.0,235.0
65000.0,563.0,664.0,478.0,235.0
65100.0,563.0,666.0,478.0,236.0
65200.0,563.0,665.0,478.0,235.0
65300.0,563.0,666.0,478.0,236.0
65400.0,564.0,665.0,478.0,236.0
65500.0,564.0,666.0,479.0,235.0
65600.0,565.0,666.0,479.0,235.0
65700.0,565.0,667.0,480.0,235.0
65800.0,564.0,667.0,480.0,236.0
65900.0,565.0,666.0,479.0,236.0
66000.0,566.0,666.0,480.0,237.0
66100.0,565.0,667.0,480.0,236.0
66200.0,565.0,667.0,482.0,236.0
66300.0,565.0,667.0,480.0,237.0
66400.0,565.0,668.0,481.0,237.0
66500.0,566.0,668.0,481.0,236.0
66600.0,566.0,669.0,481.0,236.0
66700.0,566.0,668.0,482.0,237.0
66800.0,567.0,668.0,481.0,236.0
66900.0,565.0,669.0,483.0,236.0
67000.0,566.0,669.0,483.0,236.0
67100.0,566.0,670.0,483.0,235.0
67200.0,567.0,669.0,483.0,236.0
67300.0,566.0,669.0,483.0,237.0
67400.0,567.0,670.0,482.0,237.0
67500.0,567.0,669.0,483.0,235.0
67600.0,566.0,670.0,482.0,235.0
67700.0,567.0,670.0,484.0,236.0
67800.0,567.0,670.0,484.0,236.0
67900.0,567.0,670.0,483.0,237.0
68000.0,567.0,670.0,484.0,236.0
68100.0,567.0,670.0,485.0,236.0
68200.0,567.0,671.0,485.0,236.0
68300.0,567.0,671.0,484.0,237.0
68400.0,568.0,672.0,485.0,237.0
68500.0,568.0,671.0,485.0,236.0
68600.0,568.0,672.0,486.0,237.0
68700.0,568.0,672.0,485.0,237.0
68800.0,568.0,672.0,486.0,236.0
68900.0,569.0,673.0,486.0,237.0
69000.0,568.0,672.0,486.0,237.0
69100.0,568.0,673.0,487.0,237.0
69200.0,569.0,673.0,486.0,236.0
69300.0,569.0,673.0,487.0,237.0
69400.0,568.0,673.0,487.0,237.0
69500.0,570.0,673.0,488.0,237.0
69600.0,568.0,673.0,487.0,237.0
69700.0,568.0,673.0,488.0,238.0
69800.0,570.0,674.0,488.0,236.0
69900.0,570.0,674.0,489.0,237.0
70000.0,569.0,674.0,488.0,237.0
70100.0,569.0,674.0,489.0,238.0
70200.0,570.0,674.0,489.0,237.0
70300.0,570.0,674.0,490.0,237.0
70400.0,570.0,676.0,489.0,238.0
70500.0,570.0,674.0,489.0,237.0
70600.0,570.0,675.0,489.0,238.0
70700.0,571.0,676.0,490.0,238.0
70800.0,570.0,675.0,489.0,238.0
70900.0,571.0,676.0,490.0,237.0
71000.0,572.0,676.0,491.0,237.0
71100.0,571.0,677.0,491.0,237.0
71200.0,571.0,677.0,490.0,238.0
71300.0,572.0,676.0,491.0,238.0
71400.0,571.0,677.0,491.0,237.0
71500.0,572.0,677.0,491.0,238.0
71600.0,571.0,677.0,492.0,237.0
71700.0,572.0,677.0,491.0,238.0
71800.0,572.0,678.0,492.0,238.0
71900.0,572.0,677.0,491.0,238.0
72000.0,573.0,678.0,492.0,237.0
72100.0,573.0,678.0,493.0,237.0
72200.0,573.0,678.0,493.0,239.0
72300.0,574.0,678.0,493.0,238.0
72400.0,574.0,679.0,492.0,237.0
72500.0,573.0,679.0,493.0,238.0
72600.0,573.0,679.0,493.0,238.0
72700.0,573.0,679.0,494.0,238.0
72800.0,573.0,679.0,493.0,238.0
72900.0,573.0,679.0,494.0,239.0
73000.0,574.0,679.0,494.0,238.0
73100.0,573.0,680.0,494.0,238.0
73200.0,574.0,680.0,493.0,237.0
73300.0,574.0,680.0,495.0,238.0
73400.0,575.0,680.0,494.0,239.0
73500.0,574.0,680.0,494.0,238.0
73600.0,574.0,680.0,495.0,238.0
73700.0,574.0,681.0,495.0,238.0
73800.0,574.0,680.0,495.0,239.0
73900.0,575.0,681.0,496.0,238.0
74000.0,575.0,681.0,496.0,238.0
74100.0,574.0,682.0,496.0,239.0
74200.0,575.0,682.0,497.0,239.0
74300.0,575.0,682.0,497.0,238.0
74400.0,575.0,681.0,496.0,238.0
74500.0,576.0,682.0,497.0,239.0
74600.0,576.0,683.0,497.0,238.0
74700.0,576.0,682.0,497.0,239.0
74800.0,575.0,682.0,497.0,239.0
74900.0,576.0,683.0,497.0,239.0
75000.0,576.0,682.0,497.0,239.0
75100.0,576.0,683.0,498.0,239.0
75200.0,576.0,683.0,498.0,239.0
75300.0,575.0,684.0,499.0,239.0
75400.0,577.0,684.0,498.0,239.0
75500.0,577.0,684.0,499.0,239.0
75600.0,577.0,685.0,499.0,239.0
75700.0,577.0,684.0,499.0,240.0
75800.0,577.0,685.0,500.0,239.0
75900.0,577.0,684.0,500.0,239.0
76000.0,577.0,685.0,499.0,239.0
76100.0,578.0,685.0,500.0,238.0
76200.0,577.0,685.0,500.0,240.0
76300.0,578.0,685.0,500.0,239.0
76400.0,578.0,685.0,502.0,240.0
76500.0,578.0,686.0,501.0,239.0
76600.0,578.0,685.0,501.0,239.0
76700.0,578.0,686.0,501.0,239.0
76800.0,579.0,687.0,502.0,239.0
76900.0,579.0,686.0,502.0,240.0
77000.0,578.0,687.0,502.0,240.0
77100.0,579.0,687.0,502.0,240.0
77200.0,578.0,687.0,503.0,240.0
77300.0,579.0,687.0,502.0,240.0
77400.0,579.0,687.0,502.0,240.0
77500.0,580.0,687.0,502.0,240.0
77600.0,579.0,687.0,503.0,240.0
77700.0,579.0,688.0,504.0,240.0
77800.0,579.0,688.0,503.0,239.0
77900.0,580.0,688.0,503.0,239.0
78000.0,580.0,689.0,502.0,239.0
78100.0,579.0,689.0,503.0,239.0
78200.0,580.0,688.0,503.0,239.0
78300.0,580.0,689.0,504.0,239.0
78400.0,580.0,689.0,504.0,240.0
78500.0,580.0,688.0,504.0,240.0
78600.0,581.0,689.0,504.0,239.0
78700.0,580.0,689.0,505.0,240.0
78800.0,580.0,690.0,505.0,240.0
78900.0,580.0,689.0,506.0,240.0
79000.0,581.0,689.0,505.0,239.0
79100.0,580.0,689.0,506.0,240.0
79200.0,580.0,690.0,505.0,239.0
79300.0,582.0,690.0,506.0,239.0
79400.0,581.0,690.0,505.0,240.0
79500.0,581.0,690.0,506.0,240.0
79600.0,582.0,690.0,507.0,240.0
79700.0,582.0,690.0,507.0,240.0
79800.0,582.0,691.0,507.0,239.0
79900.0,581.0,691.0,506.0,239.0
80000.0,581.0,691.0,507.0,240.0
80100.0,582.0,691.0,507.0,240.0
80200.0,582.0,692.0,508.0,239.0
80300.0,582.0,691.0,507.0,240.0
80400.0,582.0,692.0,507.0,240.0
80500.0,583.0,691.0,507.0,240.0
80600.0,583.0,692.0,507.0,240.0
80700.0,583.0,692.0,507.0,240.0
80800.0,582.0,692.0,509.0,240.0
80900.0,583.0,693.0,508.0,240.0
81000.0,582.0,692.0,508.0,240.0
81100.0,583.0,692.0,509.0,240.0
81200.0,584.0,693.0,509.0,241.0
81300.0,583.0,693.0,509.0,239.0
81400.0,583.0,694.0,510.0,239.0
81500.0,583.0,693.0,509.0,239.0
81600.0,584.0,693.0,510.0,239.0
81700.0,583.0,694.0,510.0,240.0
81800.0,584.0,694.0,510.0,240.0
81900.0,584.0,694.0,511.0,240.0
82000.0,585.0,694.0,511.0,241.0
82100.0,584.0,694.0,511.0,240.0
82200.0,584.0,695.0,510.0,240.0
82300.0,584.0,694.0,511.0,240.0
82400.0,584.0,694.0,511.0,240.0
82500.0,585.0,695.0,510.0,240.0
82600.0,585.0,695.0,512.0,239.0
82700.0,584.0,695.0,511.0,239.0
82800.0,585.0,695.0,512.0,238.0
82900.0,585.0,695.0,512.0,238.0
83000.0,584.0,696.0,513.0,238.0
83100.0,585.0,695.0,512.0,238.0
83200.0,586.0,696.0,512.0,238.0
83300.0,586.0,696.0,513.0,238.0
83400.0,585.0,696.0,513.0,239.0
83500.0,585.0,696.0,513.0,239.0
83600.0,586.0,696.0,513.0,238.0
83700.0,586.0,696.0,512.0,238.0
83800.0,585.0,697.0,512.0,239.0
83900.0,586.0,696.0,514.0,239.0
84000.0,586.0,697.0,513.0,238.0
84100.0,586.0,697.0,513.0,238.0
84200.0,586.0,697.0,514.0,238.0
84300.0,587.0,697.0,514.0,238.0
84400.0,586.0,697.0,514.0,238.0
84500.0,586.0,697.0,515.0,239.0
84600.0,586.0,698.0,515.0,238.0
84700.0,586.0,697.0,515.0,238.0
84800.0,587.0,698.0,515.0,238.0
84900.0,586.0,698.0,515.0,238.0
85000.0,587.0,698.0,514.0,238.0
85100.0,587.0,697.0,515.0,238.0
85200.0,586.0,699.0,514.0,238.0
85300.0,587.0,698.0,515.0,238.0
85400.0,586.0,698.0,515.0,238.0
85500.0,587.0,698.0,516.0,239.0
85600.0,588.0,698.0,515.0,238.0
85700.0,588.0,699.0,516.0,238.0
85800.0,588.0,698.0,516.0,238.0
85900.0,588.0,699.0,516.0,238.0
86000.0,586.0,699.0,515.0,238.0
86100.0,587.0,700.0,516.0,238.0
86200.0,587.0,699.0,516.0,238.0
86300.0,588.0,699.0,517.0,238.0
86400.0,587.0,699.0,516.0,238.0
86500.0,588.0,700.0,517.0,238.0
86600.0,588.0,699.0,516.0,238.0
86700.0,588.0,701.0,517.0,238.0
86800.0,587.0,700.0,517.0,238.0
86900.0,589.0,699.0,518.0,238.0
87000.0,588.0,700.0,517.0,239.0
87100.0,588.0,700.0,518.0,238.0
87200.0,588.0,700.0,517.0,237.0
87300.0,588.0,700.0,517.0,238.0
87400.0,589.0,700.0,518.0,238.0
87500.0,588.0,701.0,518.0,239.0
87600.0,588.0,700.0,518.0,238.0
87700.0,588.0,700.0,518.0,239.0
87800.0,588.0,701.0,518.0,239.0
87900.0,589.0,702.0,518.0,238.0
88000.0,588.0,702.0,519.0,239.0
88100.0,589.0,702.0,519.0,238.0
88200.0,589.0,701.0,519.0,238.0
88300.0,589.0,702.0,519.0,239.0
88400.0,589.0,701.0,518.0,239.0
88500.0,588.0,702.0,519.0,238.0
88600.0,589.0,702.0,519.0,239.0
88700.0,589.0,703.0,519.0,239.0
88800.0,588.0,702.0,520.0,238.0
88900.0,589.0,702.0,520.0,239.0
89000.0,588.0,702.0,521.0,238.0
89100.0,588.0,702.0,520.0,239.0
89200.0,589.0,703.0,520.0,239.0
89300.0,589.0,703.0,521.0,238.0
89400.0,589.0,703.0,520.0,239.0
89500.0,588.0,702.0,521.0,239.0
89600.0,589.0,702.0,521.0,239.0
89700.0,590.0,703.0,521.0,239.0
89800.0,589.0,704.0,521.0,239.0
89900.0,590.0,704.0,521.0,239.0
